[2026-08-18 08:26:18Z INFO HostContext] No proxy settings were found based on environmental variables (http_proxy/https_proxy/HTTP_PROXY/HTTPS_PROXY)
[2026-08-18 08:26:18Z INFO HostContext] Well known directory 'Bin': 'C:\Users\esharxhi\Documents\Hello world\actions-runner\bin'
[2026-08-18 08:26:18Z INFO HostContext] Well known directory 'Root': 'C:\Users\esharxhi\Documents\Hello world\actions-runner'
[2026-08-18 08:26:18Z INFO HostContext] Well known config file 'Credentials': 'C:\Users\esharxhi\Documents\Hello world\actions-runner\.credentials'
[2026-08-18 08:26:18Z INFO HostContext] Well known directory 'Bin': 'C:\Users\esharxhi\Documents\Hello world\actions-runner\bin'
[2026-08-18 08:26:18Z INFO HostContext] Well known directory 'Root': 'C:\Users\esharxhi\Documents\Hello world\actions-runner'
[2026-08-18 08:26:18Z INFO HostContext] Well known config file 'Runner': 'C:\Users\esharxhi\Documents\Hello world\actions-runner\.runner'
[2026-08-18 08:26:18Z INFO Worker] Version: 2.336.0
[2026-08-18 08:26:18Z INFO Worker] Commit: 98aabcd429c4e8402406c56ce2d26387fed3b9ce
[2026-08-18 08:26:18Z INFO Worker] Culture: en-US
[2026-08-18 08:26:18Z INFO Worker] UI Culture: en-US
[2026-08-18 08:26:18Z INFO Worker] Waiting to receive the job message from the channel.
[2026-08-18 08:26:18Z INFO ProcessChannel] Receiving message of length 23666, with hash '42e8c34340cd2c2d6adc0ae71e6f10f6542e707da0deed5faec75fcaa88a624a'
[2026-08-18 08:26:18Z INFO Worker] Message received.
[2026-08-18 08:26:18Z INFO Worker] Job message:
 {
  "fileTable": [
    ".github/workflows/ci-cd.yml"
  ],
  "mask": [
    {
      "type": "regex",
      "value": "***"
    },
    {
      "type": "regex",
      "value": "***"
    },
    {
      "type": "regex",
      "value": "***"
    },
    {
      "type": "regex",
      "value": "***"
    },
    {
      "type": "regex",
      "value": "***"
    },
    {
      "type": "regex",
      "value": "***"
    },
    {
      "type": "regex",
      "value": "***"
    },
    {
      "type": "regex",
      "value": "***"
    },
    {
      "type": "regex",
      "value": "***"
    },
    {
      "type": "regex",
      "value": "***"
    },
    {
      "type": "regex",
      "value": "***"
    },
    {
      "type": "regex",
      "value": "***"
    },
    {
      "type": "regex",
      "value": "***"
    },
    {
      "type": "regex",
      "value": "***"
    },
    {
      "type": "regex",
      "value": "***"
    },
    {
      "type": "regex",
      "value": "***"
    },
    {
      "type": "regex",
      "value": "***"
    },
    {
      "type": "regex",
      "value": "***"
    },
    {
      "type": "regex",
      "value": "***"
    },
    {
      "type": "regex",
      "value": "***"
    },
    {
      "type": "regex",
      "value": "***"
    },
    {
      "type": "regex",
      "value": "***"
    },
    {
      "type": "regex",
      "value": "***"
    }
  ],
  "steps": [
    {
      "type": "action",
      "reference": {
        "type": "repository",
        "name": "actions/checkout",
        "ref": "v4",
        "repositoryType": "GitHub"
      },
      "displayNameToken": {
        "type": 0,
        "file": 1,
        "line": 19,
        "col": 15,
        "lit": "Checkout code"
      },
      "contextName": "__actions_checkout",
      "condition": "success()",
      "id": "767aa48b-14f6-47e2-9d44-70125c7b1ee4",
      "name": "__actions_checkout"
    },
    {
      "type": "action",
      "reference": {
        "type": "repository",
        "name": "docker/setup-buildx-action",
        "ref": "v3",
        "repositoryType": "GitHub"
      },
      "displayNameToken": {
        "type": 0,
        "file": 1,
        "line": 23,
        "col": 15,
        "lit": "Set up Docker Buildx"
      },
      "contextName": "__docker_setup-buildx-action",
      "condition": "success()",
      "id": "ad277721-4c42-435b-b859-56ae247296b3",
      "name": "__docker_setup-buildx-action"
    },
    {
      "type": "action",
      "reference": {
        "type": "script"
      },
      "displayNameToken": {
        "type": 0,
        "file": 1,
        "line": 27,
        "col": 15,
        "lit": "Build Docker image"
      },
      "contextName": "__run",
      "inputs": {
        "type": 2,
        "map": [
          {
            "key": "script",
            "value": {
              "type": 3,
              "file": 1,
              "line": 28,
              "col": 14,
              "expr": "format('docker build -t hello-world:{0} .\ndocker build -t hello-world:latest .\n', github.sha)"
            }
          }
        ]
      },
      "condition": "success()",
      "id": "77c6a5af-09af-45f5-80ac-001311b0d0cc",
      "name": "__run"
    },
    {
      "type": "action",
      "reference": {
        "type": "script"
      },
      "displayNameToken": {
        "type": 0,
        "file": 1,
        "line": 33,
        "col": 15,
        "lit": "Test Docker image"
      },
      "contextName": "__run_2",
      "inputs": {
        "type": 2,
        "map": [
          {
            "key": "script",
            "value": {
              "type": 0,
              "file": 1,
              "line": 34,
              "col": 14,
              "lit": "docker run -d -p 8080:80 hello-world:latest\nsleep 2\ncurl http://localhost:8080 || echo \"Server check failed\"\n"
            }
          }
        ]
      },
      "condition": "success()",
      "id": "1442307c-29d6-4a38-b060-b9b4ba667211",
      "name": "__run_2"
    }
  ],
  "variables": {
    "Actions.EnableHttpRedirects": {
      "value": "true"
    },
    "DistributedTask.AddWarningToNode12Action": {
      "value": "true"
    },
    "DistributedTask.AddWarningToNode16Action": {
      "value": "true"
    },
    "DistributedTask.AllowRunnerContainerHooks": {
      "value": "true"
    },
    "DistributedTask.DeprecateStepOutputCommands": {
      "value": "true"
    },
    "DistributedTask.DetailUntarFailure": {
      "value": "true"
    },
    "DistributedTask.EnableCompositeActions": {
      "value": "true"
    },
    "DistributedTask.EnableJobServerQueueTelemetry": {
      "value": "true"
    },
    "DistributedTask.EnhancedAnnotations": {
      "value": "true"
    },
    "DistributedTask.ForceGithubJavascriptActionsToNode16": {
      "value": "true"
    },
    "DistributedTask.ForceGithubJavascriptActionsToNode20": {
      "value": "true"
    },
    "DistributedTask.LogTemplateErrorsAsDebugMessages": {
      "value": "true"
    },
    "DistributedTask.MarkJobAsFailedOnWorkerCrash": {
      "value": "true"
    },
    "DistributedTask.NewActionMetadata": {
      "value": "true"
    },
    "DistributedTask.UploadStepSummary": {
      "value": "true"
    },
    "DistributedTask.UseActionArchiveCache": {
      "value": "true"
    },
    "DistributedTask.UseWhich2": {
      "value": "true"
    },
    "RunService.FixEmbeddedIssues": {
      "value": "true"
    },
    "actions.runner.requirenode24": {
      "value": "false"
    },
    "actions.runner.usenode24bydefault": {
      "value": "true"
    },
    "actions.runner.warnonnode20": {
      "value": "true"
    },
    "actions_add_check_run_id_to_job_context": {
      "value": "true"
    },
    "actions_batch_action_resolution": {
      "value": "false"
    },
    "actions_container_action_runner_temp": {
      "value": "true"
    },
    "actions_display_helpful_actions_download_errors": {
      "value": "true"
    },
    "actions_runner_allow_artifacts_file": {
      "value": "false"
    },
    "actions_runner_compare_workflow_parser": {
      "value": "false"
    },
    "actions_runner_deprecate_linux_arm32": {
      "value": "true"
    },
    "actions_runner_emit_composite_markers": {
      "value": "true"
    },
    "actions_runner_kill_linux_arm32": {
      "value": "false"
    },
    "actions_runner_node20_removal_date": {
      "value": ""
    },
    "actions_runner_node24_default_date": {
      "value": "June 16th, 2026"
    },
    "actions_self_repository": {
      "value": "true"
    },
    "actions_service_container_command": {
      "value": "true"
    },
    "actions_set_orchestration_id_env_for_actions": {
      "value": "true"
    },
    "actions_skip_retry_complete_job_upon_known_errors": {
      "value": "true"
    },
    "actions_snapshot_preflight_hosted_runner_check": {
      "value": "false"
    },
    "actions_snapshot_preflight_image_gen_pool_check": {
      "value": "false"
    },
    "actions_use_bearer_token_for_codeload": {
      "value": "false"
    },
    "actions_uses_cache_service_v2": {
      "value": "true"
    },
    "github_token": {
      "value": "***",
      "isSecret": true
    },
    "system.from_run_service": {
      "value": "true"
    },
    "system.github.job": {
      "value": "build"
    },
    "system.github.launch_endpoint": {
      "value": "https://launch.actions.githubusercontent.com"
    },
    "system.github.results_endpoint": {
      "value": "https://results-receiver.actions.githubusercontent.com/"
    },
    "system.github.results_upload_with_sdk": {
      "value": "true"
    },
    "system.github.token": {
      "value": "***",
      "isSecret": true
    },
    "system.github.token.permissions": {
      "value": "{\"Contents\":\"read\",\"Metadata\":\"read\",\"Packages\":\"read\"}"
    },
    "system.orchestrationId": {
      "value": "bbb79312-c273-4bdc-a114-6b4b1a991b91.build.__default"
    },
    "system.phaseDisplayName": {
      "value": "build"
    },
    "system.runner.lowdiskspacethreshold": {
      "value": "100"
    },
    "system.runnerEnvironment": {
      "value": "self-hosted"
    },
    "system.runnerGroupName": {
      "value": "Default"
    }
  },
  "messageType": "RunnerJobRequest",
  "plan": {
    "scopeIdentifier": "00000000-0000-0000-0000-000000000000",
    "planType": "actions",
    "version": 0,
    "planId": "bbb79312-c273-4bdc-a114-6b4b1a991b91",
    "planGroup": null,
    "artifactUri": null,
    "artifactLocation": null,
    "definition": null,
    "owner": null
  },
  "timeline": {
    "id": "bbb79312-c273-4bdc-a114-6b4b1a991b91",
    "changeId": 0,
    "location": null
  },
  "jobId": "c0d57c38-728f-5884-8648-ac04ba1a4526",
  "jobDisplayName": "build",
  "jobName": "__default",
  "requestId": 0,
  "lockedUntil": "0001-01-01T00:00:00",
  "resources": {
    "endpoints": [
      {
        "data": {
          "ServerId": "",
          "ServerName": "",
          "CacheServerUrl": "https://artifactcache.actions.githubusercontent.com/ECWjlxlhAkBjrGgqM1jTeKf96D9HsjC56t0s3kwhZxw3gzHm32/",
          "FeedStreamUrl": "wss://results-receiver.actions.githubusercontent.com/_ws/ingest.sock",
          "ResultsServiceUrl": "https://results-receiver.actions.githubusercontent.com/",
          "PipelinesServiceUrl": "https://pipelinesghubeus8.actions.githubusercontent.com/ECWjlxlhAkBjrGgqM1jTeKf96D9HsjC56t0s3kwhZxw3gzHm32/",
          "GenerateIdTokenUrl": "",
          "ConnectivityChecks": "[\"https://broker.actions.githubusercontent.com/health\",\"https://token.actions.githubusercontent.com/ready\",\"https://run.actions.githubusercontent.com/health\"]",
          "ConnectivityAndDNSChecks": ""
        },
        "name": "SystemVssConnection",
        "url": "https://run-actions-2-azure-eastus.actions.githubusercontent.com/90/",
        "authorization": {
          "parameters": {
            "AccessToken": "***"
          },
          "scheme": "OAuth"
        },
        "isShared": false,
        "isReady": true
      }
    ]
  },
  "contextData": {
    "github": {
      "t": 2,
      "d": [
        {
          "k": "ref",
          "v": "refs/heads/main"
        },
        {
          "k": "sha",
          "v": "30b05150e585c3875b3d99641712ca15df8c8a08"
        },
        {
          "k": "repository",
          "v": "boransharxhi-oss/Helloworld-workflow"
        },
        {
          "k": "repository_owner",
          "v": "boransharxhi-oss"
        },
        {
          "k": "repository_owner_id",
          "v": "263969954"
        },
        {
          "k": "repositoryUrl",
          "v": "git://github.com/boransharxhi-oss/Helloworld-workflow.git"
        },
        {
          "k": "run_id",
          "v": "32116689341"
        },
        {
          "k": "run_number",
          "v": "2"
        },
        {
          "k": "retention_days",
          "v": "90"
        },
        {
          "k": "run_attempt",
          "v": "1"
        },
        {
          "k": "artifact_cache_size_limit",
          "v": "10"
        },
        {
          "k": "repository_visibility",
          "v": "public"
        },
        {
          "k": "actor_id",
          "v": "263969954"
        },
        {
          "k": "actor",
          "v": "boransharxhi-oss"
        },
        {
          "k": "workflow",
          "v": "Build, Test, and Deploy"
        },
        {
          "k": "head_ref",
          "v": ""
        },
        {
          "k": "base_ref",
          "v": ""
        },
        {
          "k": "event_name",
          "v": "push"
        },
        {
          "k": "server_url",
          "v": "https://github.com"
        },
        {
          "k": "api_url",
          "v": "https://api.github.com"
        },
        {
          "k": "graphql_url",
          "v": "https://api.github.com/graphql"
        },
        {
          "k": "ref_name",
          "v": "main"
        },
        {
          "k": "ref_protected",
          "v": false
        },
        {
          "k": "ref_type",
          "v": "branch"
        },
        {
          "k": "secret_source",
          "v": "Actions"
        },
        {
          "k": "event",
          "v": {
            "t": 2,
            "d": [
              {
                "k": "after",
                "v": "30b05150e585c3875b3d99641712ca15df8c8a08"
              },
              {
                "k": "base_ref",
                "v": null
              },
              {
                "k": "before",
                "v": "2a0d4dfa80f5e8e7817d3e8c367ea274e7ffd430"
              },
              {
                "k": "commits",
                "v": {
                  "t": 1,
                  "a": [
                    {
                      "t": 2,
                      "d": [
                        {
                          "k": "author",
                          "v": {
                            "t": 2,
                            "d": [
                              {
                                "k": "email",
                                "v": "boran.sharxhi@harryfultz.edu.al"
                              },
                              {
                                "k": "name",
                                "v": "Boran Sharxhi"
                              },
                              {
                                "k": "username",
                                "v": "boransharxhi-oss"
                              }
                            ]
                          }
                        },
                        {
                          "k": "committer",
                          "v": {
                            "t": 2,
                            "d": [
                              {
                                "k": "email",
                                "v": "boran.sharxhi@harryfultz.edu.al"
                              },
                              {
                                "k": "name",
                                "v": "Boran Sharxhi"
                              },
                              {
                                "k": "username",
                                "v": "boransharxhi-oss"
                              }
                            ]
                          }
                        },
                        {
                          "k": "distinct",
                          "v": true
                        },
                        {
                          "k": "id",
                          "v": "30b05150e585c3875b3d99641712ca15df8c8a08"
                        },
                        {
                          "k": "message",
                          "v": "turned run-on: to self-hosted"
                        },
                        {
                          "k": "timestamp",
                          "v": "2026-08-18T10:26:07+02:00"
                        },
                        {
                          "k": "tree_id",
                          "v": "48c776cf5e4203046dbb593ff5bd9e29975bf194"
                        },
                        {
                          "k": "url",
                          "v": "https://github.com/boransharxhi-oss/Helloworld-workflow/commit/30b05150e585c3875b3d99641712ca15df8c8a08"
                        }
                      ]
                    }
                  ]
                }
              },
              {
                "k": "compare",
                "v": "https://github.com/boransharxhi-oss/Helloworld-workflow/compare/2a0d4dfa80f5...30b05150e585"
              },
              {
                "k": "created",
                "v": false
              },
              {
                "k": "deleted",
                "v": false
              },
              {
                "k": "forced",
                "v": false
              },
              {
                "k": "head_commit",
                "v": {
                  "t": 2,
                  "d": [
                    {
                      "k": "author",
                      "v": {
                        "t": 2,
                        "d": [
                          {
                            "k": "email",
                            "v": "boran.sharxhi@harryfultz.edu.al"
                          },
                          {
                            "k": "name",
                            "v": "Boran Sharxhi"
                          },
                          {
                            "k": "username",
                            "v": "boransharxhi-oss"
                          }
                        ]
                      }
                    },
                    {
                      "k": "committer",
                      "v": {
                        "t": 2,
                        "d": [
                          {
                            "k": "email",
                            "v": "boran.sharxhi@harryfultz.edu.al"
                          },
                          {
                            "k": "name",
                            "v": "Boran Sharxhi"
                          },
                          {
                            "k": "username",
                            "v": "boransharxhi-oss"
                          }
                        ]
                      }
                    },
                    {
                      "k": "distinct",
                      "v": true
                    },
                    {
                      "k": "id",
                      "v": "30b05150e585c3875b3d99641712ca15df8c8a08"
                    },
                    {
                      "k": "message",
                      "v": "turned run-on: to self-hosted"
                    },
                    {
                      "k": "timestamp",
                      "v": "2026-08-18T10:26:07+02:00"
                    },
                    {
                      "k": "tree_id",
                      "v": "48c776cf5e4203046dbb593ff5bd9e29975bf194"
                    },
                    {
                      "k": "url",
                      "v": "https://github.com/boransharxhi-oss/Helloworld-workflow/commit/30b05150e585c3875b3d99641712ca15df8c8a08"
                    }
                  ]
                }
              },
              {
                "k": "pusher",
                "v": {
                  "t": 2,
                  "d": [
                    {
                      "k": "email",
                      "v": "boran.sharxhi@harryfultz.edu.al"
                    },
                    {
                      "k": "name",
                      "v": "boransharxhi-oss"
                    }
                  ]
                }
              },
              {
                "k": "ref",
                "v": "refs/heads/main"
              },
              {
                "k": "repository",
                "v": {
                  "t": 2,
                  "d": [
                    {
                      "k": "allow_forking",
                      "v": true
                    },
                    {
                      "k": "archive_url",
                      "v": "https://api.github.com/repos/boransharxhi-oss/Helloworld-workflow/{archive_format}{/ref}"
                    },
                    {
                      "k": "archived",
                      "v": false
                    },
                    {
                      "k": "assignees_url",
                      "v": "https://api.github.com/repos/boransharxhi-oss/Helloworld-workflow/assignees{/user}"
                    },
                    {
                      "k": "blobs_url",
                      "v": "https://api.github.com/repos/boransharxhi-oss/Helloworld-workflow/git/blobs{/sha}"
                    },
                    {
                      "k": "branches_url",
                      "v": "https://api.github.com/repos/boransharxhi-oss/Helloworld-workflow/branches{/branch}"
                    },
                    {
                      "k": "clone_url",
                      "v": "https://github.com/boransharxhi-oss/Helloworld-workflow.git"
                    },
                    {
                      "k": "collaborators_url",
                      "v": "https://api.github.com/repos/boransharxhi-oss/Helloworld-workflow/collaborators{/collaborator}"
                    },
                    {
                      "k": "comments_url",
                      "v": "https://api.github.com/repos/boransharxhi-oss/Helloworld-workflow/comments{/number}"
                    },
                    {
                      "k": "commits_url",
                      "v": "https://api.github.com/repos/boransharxhi-oss/Helloworld-workflow/commits{/sha}"
                    },
                    {
                      "k": "compare_url",
                      "v": "https://api.github.com/repos/boransharxhi-oss/Helloworld-workflow/compare/{base}...{head}"
                    },
                    {
                      "k": "contents_url",
                      "v": "https://api.github.com/repos/boransharxhi-oss/Helloworld-workflow/contents/{+path}"
                    },
                    {
                      "k": "contributors_url",
                      "v": "https://api.github.com/repos/boransharxhi-oss/Helloworld-workflow/contributors"
                    },
                    {
                      "k": "created_at",
                      "v": 1787040084.0
                    },
                    {
                      "k": "default_branch",
                      "v": "main"
                    },
                    {
                      "k": "deployments_url",
                      "v": "https://api.github.com/repos/boransharxhi-oss/Helloworld-workflow/deployments"
                    },
                    {
                      "k": "description",
                      "v": null
                    },
                    {
                      "k": "disabled",
                      "v": false
                    },
                    {
                      "k": "downloads_url",
                      "v": "https://api.github.com/repos/boransharxhi-oss/Helloworld-workflow/downloads"
                    },
                    {
                      "k": "events_url",
                      "v": "https://api.github.com/repos/boransharxhi-oss/Helloworld-workflow/events"
                    },
                    {
                      "k": "fork",
                      "v": false
                    },
                    {
                      "k": "forks",
                      "v": 0.0
                    },
                    {
                      "k": "forks_count",
                      "v": 0.0
                    },
                    {
                      "k": "forks_url",
                      "v": "https://api.github.com/repos/boransharxhi-oss/Helloworld-workflow/forks"
                    },
                    {
                      "k": "full_name",
                      "v": "boransharxhi-oss/Helloworld-workflow"
                    },
                    {
                      "k": "git_commits_url",
                      "v": "https://api.github.com/repos/boransharxhi-oss/Helloworld-workflow/git/commits{/sha}"
                    },
                    {
                      "k": "git_refs_url",
                      "v": "https://api.github.com/repos/boransharxhi-oss/Helloworld-workflow/git/refs{/sha}"
                    },
                    {
                      "k": "git_tags_url",
                      "v": "https://api.github.com/repos/boransharxhi-oss/Helloworld-workflow/git/tags{/sha}"
                    },
                    {
                      "k": "git_url",
                      "v": "git://github.com/boransharxhi-oss/Helloworld-workflow.git"
                    },
                    {
                      "k": "has_discussions",
                      "v": false
                    },
                    {
                      "k": "has_downloads",
                      "v": true
                    },
                    {
                      "k": "has_issues",
                      "v": true
                    },
                    {
                      "k": "has_pages",
                      "v": false
                    },
                    {
                      "k": "has_projects",
                      "v": true
                    },
                    {
                      "k": "has_pull_requests",
                      "v": true
                    },
                    {
                      "k": "has_wiki",
                      "v": true
                    },
                    {
                      "k": "homepage",
                      "v": null
                    },
                    {
                      "k": "hooks_url",
                      "v": "https://api.github.com/repos/boransharxhi-oss/Helloworld-workflow/hooks"
                    },
                    {
                      "k": "html_url",
                      "v": "https://github.com/boransharxhi-oss/Helloworld-workflow"
                    },
                    {
                      "k": "id",
                      "v": 1338135417.0
                    },
                    {
                      "k": "is_template",
                      "v": false
                    },
                    {
                      "k": "issue_comment_url",
                      "v": "https://api.github.com/repos/boransharxhi-oss/Helloworld-workflow/issues/comments{/number}"
                    },
                    {
                      "k": "issue_events_url",
                      "v": "https://api.github.com/repos/boransharxhi-oss/Helloworld-workflow/issues/events{/number}"
                    },
                    {
                      "k": "issues_url",
                      "v": "https://api.github.com/repos/boransharxhi-oss/Helloworld-workflow/issues{/number}"
                    },
                    {
                      "k": "keys_url",
                      "v": "https://api.github.com/repos/boransharxhi-oss/Helloworld-workflow/keys{/key_id}"
                    },
                    {
                      "k": "labels_url",
                      "v": "https://api.github.com/repos/boransharxhi-oss/Helloworld-workflow/labels{/name}"
                    },
                    {
                      "k": "language",
                      "v": "JavaScript"
                    },
                    {
                      "k": "languages_url",
                      "v": "https://api.github.com/repos/boransharxhi-oss/Helloworld-workflow/languages"
                    },
                    {
                      "k": "license",
                      "v": null
                    },
                    {
                      "k": "master_branch",
                      "v": "main"
                    },
                    {
                      "k": "merges_url",
                      "v": "https://api.github.com/repos/boransharxhi-oss/Helloworld-workflow/merges"
                    },
                    {
                      "k": "milestones_url",
                      "v": "https://api.github.com/repos/boransharxhi-oss/Helloworld-workflow/milestones{/number}"
                    },
                    {
                      "k": "mirror_url",
                      "v": null
                    },
                    {
                      "k": "name",
                      "v": "Helloworld-workflow"
                    },
                    {
                      "k": "node_id",
                      "v": "R_kgDOT8JTeQ"
                    },
                    {
                      "k": "notifications_url",
                      "v": "https://api.github.com/repos/boransharxhi-oss/Helloworld-workflow/notifications{?since,all,participating}"
                    },
                    {
                      "k": "open_issues",
                      "v": 0.0
                    },
                    {
                      "k": "open_issues_count",
                      "v": 0.0
                    },
                    {
                      "k": "owner",
                      "v": {
                        "t": 2,
                        "d": [
                          {
                            "k": "avatar_url",
                            "v": "https://avatars.githubusercontent.com/u/263969954?v=4"
                          },
                          {
                            "k": "email",
                            "v": "boran.sharxhi@harryfultz.edu.al"
                          },
                          {
                            "k": "events_url",
                            "v": "https://api.github.com/users/boransharxhi-oss/events{/privacy}"
                          },
                          {
                            "k": "followers_url",
                            "v": "https://api.github.com/users/boransharxhi-oss/followers"
                          },
                          {
                            "k": "following_url",
                            "v": "https://api.github.com/users/boransharxhi-oss/following{/other_user}"
                          },
                          {
                            "k": "gists_url",
                            "v": "https://api.github.com/users/boransharxhi-oss/gists{/gist_id}"
                          },
                          {
                            "k": "gravatar_id",
                            "v": ""
                          },
                          {
                            "k": "html_url",
                            "v": "https://github.com/boransharxhi-oss"
                          },
                          {
                            "k": "id",
                            "v": 263969954.0
                          },
                          {
                            "k": "login",
                            "v": "boransharxhi-oss"
                          },
                          {
                            "k": "name",
                            "v": "boransharxhi-oss"
                          },
                          {
                            "k": "node_id",
                            "v": "U_kgDOD7vcog"
                          },
                          {
                            "k": "organizations_url",
                            "v": "https://api.github.com/users/boransharxhi-oss/orgs"
                          },
                          {
                            "k": "received_events_url",
                            "v": "https://api.github.com/users/boransharxhi-oss/received_events"
                          },
                          {
                            "k": "repos_url",
                            "v": "https://api.github.com/users/boransharxhi-oss/repos"
                          },
                          {
                            "k": "site_admin",
                            "v": false
                          },
                          {
                            "k": "starred_url",
                            "v": "https://api.github.com/users/boransharxhi-oss/starred{/owner}{/repo}"
                          },
                          {
                            "k": "subscriptions_url",
                            "v": "https://api.github.com/users/boransharxhi-oss/subscriptions"
                          },
                          {
                            "k": "type",
                            "v": "User"
                          },
                          {
                            "k": "url",
                            "v": "https://api.github.com/users/boransharxhi-oss"
                          },
                          {
                            "k": "user_view_type",
                            "v": "public"
                          }
                        ]
                      }
                    },
                    {
                      "k": "private",
                      "v": false
                    },
                    {
                      "k": "pull_request_creation_policy",
                      "v": "all"
                    },
                    {
                      "k": "pulls_url",
                      "v": "https://api.github.com/repos/boransharxhi-oss/Helloworld-workflow/pulls{/number}"
                    },
                    {
                      "k": "pushed_at",
                      "v": 1787041800.0
                    },
                    {
                      "k": "releases_url",
                      "v": "https://api.github.com/repos/boransharxhi-oss/Helloworld-workflow/releases{/id}"
                    },
                    {
                      "k": "size",
                      "v": 0.0
                    },
                    {
                      "k": "ssh_url",
                      "v": "git@github.com:boransharxhi-oss/Helloworld-workflow.git"
                    },
                    {
                      "k": "stargazers",
                      "v": 0.0
                    },
                    {
                      "k": "stargazers_count",
                      "v": 0.0
                    },
                    {
                      "k": "stargazers_url",
                      "v": "https://api.github.com/repos/boransharxhi-oss/Helloworld-workflow/stargazers"
                    },
                    {
                      "k": "statuses_url",
                      "v": "https://api.github.com/repos/boransharxhi-oss/Helloworld-workflow/statuses/{sha}"
                    },
                    {
                      "k": "subscribers_url",
                      "v": "https://api.github.com/repos/boransharxhi-oss/Helloworld-workflow/subscribers"
                    },
                    {
                      "k": "subscription_url",
                      "v": "https://api.github.com/repos/boransharxhi-oss/Helloworld-workflow/subscription"
                    },
                    {
                      "k": "svn_url",
                      "v": "https://github.com/boransharxhi-oss/Helloworld-workflow"
                    },
                    {
                      "k": "tags_url",
                      "v": "https://api.github.com/repos/boransharxhi-oss/Helloworld-workflow/tags"
                    },
                    {
                      "k": "teams_url",
                      "v": "https://api.github.com/repos/boransharxhi-oss/Helloworld-workflow/teams"
                    },
                    {
                      "k": "topics",
                      "v": {
                        "t": 1
                      }
                    },
                    {
                      "k": "trees_url",
                      "v": "https://api.github.com/repos/boransharxhi-oss/Helloworld-workflow/git/trees{/sha}"
                    },
                    {
                      "k": "updated_at",
                      "v": "2026-08-18T08:29:21Z"
                    },
                    {
                      "k": "url",
                      "v": "https://api.github.com/repos/boransharxhi-oss/Helloworld-workflow"
                    },
                    {
                      "k": "visibility",
                      "v": "public"
                    },
                    {
                      "k": "watchers",
                      "v": 0.0
                    },
                    {
                      "k": "watchers_count",
                      "v": 0.0
                    },
                    {
                      "k": "web_commit_signoff_required",
                      "v": false
                    }
                  ]
                }
              },
              {
                "k": "sender",
                "v": {
                  "t": 2,
                  "d": [
                    {
                      "k": "avatar_url",
                      "v": "https://avatars.githubusercontent.com/u/263969954?v=4"
                    },
                    {
                      "k": "events_url",
                      "v": "https://api.github.com/users/boransharxhi-oss/events{/privacy}"
                    },
                    {
                      "k": "followers_url",
                      "v": "https://api.github.com/users/boransharxhi-oss/followers"
                    },
                    {
                      "k": "following_url",
                      "v": "https://api.github.com/users/boransharxhi-oss/following{/other_user}"
                    },
                    {
                      "k": "gists_url",
                      "v": "https://api.github.com/users/boransharxhi-oss/gists{/gist_id}"
                    },
                    {
                      "k": "gravatar_id",
                      "v": ""
                    },
                    {
                      "k": "html_url",
                      "v": "https://github.com/boransharxhi-oss"
                    },
                    {
                      "k": "id",
                      "v": 263969954.0
                    },
                    {
                      "k": "login",
                      "v": "boransharxhi-oss"
                    },
                    {
                      "k": "node_id",
                      "v": "U_kgDOD7vcog"
                    },
                    {
                      "k": "organizations_url",
                      "v": "https://api.github.com/users/boransharxhi-oss/orgs"
                    },
                    {
                      "k": "received_events_url",
                      "v": "https://api.github.com/users/boransharxhi-oss/received_events"
                    },
                    {
                      "k": "repos_url",
                      "v": "https://api.github.com/users/boransharxhi-oss/repos"
                    },
                    {
                      "k": "site_admin",
                      "v": false
                    },
                    {
                      "k": "starred_url",
                      "v": "https://api.github.com/users/boransharxhi-oss/starred{/owner}{/repo}"
                    },
                    {
                      "k": "subscriptions_url",
                      "v": "https://api.github.com/users/boransharxhi-oss/subscriptions"
                    },
                    {
                      "k": "type",
                      "v": "User"
                    },
                    {
                      "k": "url",
                      "v": "https://api.github.com/users/boransharxhi-oss"
                    },
                    {
                      "k": "user_view_type",
                      "v": "public"
                    }
                  ]
                }
              }
            ]
          }
        },
        {
          "k": "workflow_ref",
          "v": "boransharxhi-oss/Helloworld-workflow/.github/workflows/ci-cd.yml@refs/heads/main"
        },
        {
          "k": "workflow_sha",
          "v": "30b05150e585c3875b3d99641712ca15df8c8a08"
        },
        {
          "k": "repository_id",
          "v": "1338135417"
        },
        {
          "k": "triggering_actor",
          "v": "boransharxhi-oss"
        }
      ]
    },
    "inputs": {
      "t": 2
    },
    "job": {
      "t": 2,
      "d": [
        {
          "k": "check_run_id",
          "v": 95647684312.0
        },
        {
          "k": "workflow_ref",
          "v": "boransharxhi-oss/Helloworld-workflow/.github/workflows/ci-cd.yml@refs/heads/main"
        },
        {
          "k": "workflow_sha",
          "v": "30b05150e585c3875b3d99641712ca15df8c8a08"
        },
        {
          "k": "workflow_repository",
          "v": "boransharxhi-oss/Helloworld-workflow"
        },
        {
          "k": "workflow_file_path",
          "v": ".github/workflows/ci-cd.yml"
        }
      ]
    },
    "matrix": null,
    "needs": {
      "t": 2
    },
    "strategy": {
      "t": 2,
      "d": [
        {
          "k": "fail-fast",
          "v": true
        },
        {
          "k": "job-index",
          "v": 0.0
        },
        {
          "k": "job-total",
          "v": 1.0
        },
        {
          "k": "max-parallel",
          "v": 1.0
        }
      ]
    },
    "vars": {
      "t": 2
    }
  },
  "billingOwnerId": "U_kgDOD7vcog"
}
[2026-08-18 08:26:18Z INFO JobRunner] Job ID c0d57c38-728f-5884-8648-ac04ba1a4526
[2026-08-18 08:26:18Z INFO ConfigurationStore] currentAssemblyLocation: C:\Users\esharxhi\Documents\Hello world\actions-runner\bin\Runner.Worker.dll
[2026-08-18 08:26:18Z INFO HostContext] Well known directory 'Bin': 'C:\Users\esharxhi\Documents\Hello world\actions-runner\bin'
[2026-08-18 08:26:18Z INFO ConfigurationStore] binPath: C:\Users\esharxhi\Documents\Hello world\actions-runner\bin
[2026-08-18 08:26:18Z INFO HostContext] Well known directory 'Bin': 'C:\Users\esharxhi\Documents\Hello world\actions-runner\bin'
[2026-08-18 08:26:18Z INFO HostContext] Well known directory 'Root': 'C:\Users\esharxhi\Documents\Hello world\actions-runner'
[2026-08-18 08:26:18Z INFO ConfigurationStore] RootFolder: C:\Users\esharxhi\Documents\Hello world\actions-runner
[2026-08-18 08:26:18Z INFO HostContext] Well known directory 'Bin': 'C:\Users\esharxhi\Documents\Hello world\actions-runner\bin'
[2026-08-18 08:26:18Z INFO HostContext] Well known directory 'Root': 'C:\Users\esharxhi\Documents\Hello world\actions-runner'
[2026-08-18 08:26:18Z INFO HostContext] Well known config file 'Runner': 'C:\Users\esharxhi\Documents\Hello world\actions-runner\.runner'
[2026-08-18 08:26:18Z INFO ConfigurationStore] ConfigFilePath: C:\Users\esharxhi\Documents\Hello world\actions-runner\.runner
[2026-08-18 08:26:18Z INFO HostContext] Well known directory 'Bin': 'C:\Users\esharxhi\Documents\Hello world\actions-runner\bin'
[2026-08-18 08:26:18Z INFO HostContext] Well known directory 'Root': 'C:\Users\esharxhi\Documents\Hello world\actions-runner'
[2026-08-18 08:26:18Z INFO HostContext] Well known config file 'MigratedRunner': 'C:\Users\esharxhi\Documents\Hello world\actions-runner\.runner_migrated'
[2026-08-18 08:26:18Z INFO ConfigurationStore] MigratedConfigFilePath: C:\Users\esharxhi\Documents\Hello world\actions-runner\.runner_migrated
[2026-08-18 08:26:18Z INFO HostContext] Well known directory 'Bin': 'C:\Users\esharxhi\Documents\Hello world\actions-runner\bin'
[2026-08-18 08:26:18Z INFO HostContext] Well known directory 'Root': 'C:\Users\esharxhi\Documents\Hello world\actions-runner'
[2026-08-18 08:26:18Z INFO HostContext] Well known config file 'Credentials': 'C:\Users\esharxhi\Documents\Hello world\actions-runner\.credentials'
[2026-08-18 08:26:18Z INFO ConfigurationStore] CredFilePath: C:\Users\esharxhi\Documents\Hello world\actions-runner\.credentials
[2026-08-18 08:26:18Z INFO HostContext] Well known directory 'Bin': 'C:\Users\esharxhi\Documents\Hello world\actions-runner\bin'
[2026-08-18 08:26:18Z INFO HostContext] Well known directory 'Root': 'C:\Users\esharxhi\Documents\Hello world\actions-runner'
[2026-08-18 08:26:18Z INFO HostContext] Well known config file 'MigratedCredentials': 'C:\Users\esharxhi\Documents\Hello world\actions-runner\.credentials_migrated'
[2026-08-18 08:26:18Z INFO ConfigurationStore] MigratedCredFilePath: C:\Users\esharxhi\Documents\Hello world\actions-runner\.credentials_migrated
[2026-08-18 08:26:18Z INFO HostContext] Well known directory 'Bin': 'C:\Users\esharxhi\Documents\Hello world\actions-runner\bin'
[2026-08-18 08:26:18Z INFO HostContext] Well known directory 'Root': 'C:\Users\esharxhi\Documents\Hello world\actions-runner'
[2026-08-18 08:26:18Z INFO HostContext] Well known config file 'Service': 'C:\Users\esharxhi\Documents\Hello world\actions-runner\.service'
[2026-08-18 08:26:18Z INFO ConfigurationStore] ServiceConfigFilePath: C:\Users\esharxhi\Documents\Hello world\actions-runner\.service
[2026-08-18 08:26:18Z INFO ConfigurationStore] Read setting file: 411 chars
[2026-08-18 08:26:18Z INFO JobRunner] Initializing launch client
[2026-08-18 08:26:18Z INFO JobServerQueue] Initializing results client
[2026-08-18 08:26:18Z INFO ResultServer] Creating websocket client ...wss://results-receiver.actions.githubusercontent.com/_ws/ingest.sock
[2026-08-18 08:26:18Z INFO ResultServer] Attempting to start websocket client with delay 00:00:00.
[2026-08-18 08:26:18Z INFO JobServerQueue] Start process web console line queue.
[2026-08-18 08:26:18Z INFO JobServerQueue] Start process file upload queue.
[2026-08-18 08:26:18Z INFO JobServerQueue] Start results file upload queue.
[2026-08-18 08:26:18Z INFO JobServerQueue] Starting results-based upload queue...
[2026-08-18 08:26:18Z INFO JobServerQueue] Start process timeline update queue.
[2026-08-18 08:26:18Z INFO ExecutionContext] Initializing Job context
[2026-08-18 08:26:18Z INFO ExecutionContext] Initialize GitHub context
[2026-08-18 08:26:18Z INFO ExecutionContext] Initialize Env context
[2026-08-18 08:26:18Z INFO HostContext] Well known directory 'Bin': 'C:\Users\esharxhi\Documents\Hello world\actions-runner\bin'
[2026-08-18 08:26:18Z INFO HostContext] Well known directory 'Root': 'C:\Users\esharxhi\Documents\Hello world\actions-runner'
[2026-08-18 08:26:18Z INFO HostContext] Well known directory 'Diag': 'C:\Users\esharxhi\Documents\Hello world\actions-runner\_diag'
[2026-08-18 08:26:18Z INFO HostContext] Well known directory 'Bin': 'C:\Users\esharxhi\Documents\Hello world\actions-runner\bin'
[2026-08-18 08:26:18Z INFO HostContext] Well known directory 'Root': 'C:\Users\esharxhi\Documents\Hello world\actions-runner'
[2026-08-18 08:26:18Z INFO HostContext] Well known directory 'Diag': 'C:\Users\esharxhi\Documents\Hello world\actions-runner\_diag'
[2026-08-18 08:26:18Z INFO JobRunner] Starting the job execution context.
[2026-08-18 08:26:18Z INFO HostContext] Well known directory 'Bin': 'C:\Users\esharxhi\Documents\Hello world\actions-runner\bin'
[2026-08-18 08:26:18Z INFO HostContext] Well known directory 'Root': 'C:\Users\esharxhi\Documents\Hello world\actions-runner'
[2026-08-18 08:26:18Z INFO HostContext] Well known directory 'Work': 'C:\Users\esharxhi\Documents\Hello world\actions-runner\_work'
[2026-08-18 08:26:18Z INFO JobRunner] Validating directory permissions for: 'C:\Users\esharxhi\Documents\Hello world\actions-runner\_work'
[2026-08-18 08:26:18Z INFO HostContext] Well known directory 'Bin': 'C:\Users\esharxhi\Documents\Hello world\actions-runner\bin'
[2026-08-18 08:26:18Z INFO HostContext] Well known directory 'Root': 'C:\Users\esharxhi\Documents\Hello world\actions-runner'
[2026-08-18 08:26:18Z INFO HostContext] Well known directory 'Work': 'C:\Users\esharxhi\Documents\Hello world\actions-runner\_work'
[2026-08-18 08:26:18Z INFO HostContext] Well known directory 'Tools': 'C:\Users\esharxhi\Documents\Hello world\actions-runner\_work\_tool'
[2026-08-18 08:26:18Z INFO HostContext] Well known directory 'Bin': 'C:\Users\esharxhi\Documents\Hello world\actions-runner\bin'
[2026-08-18 08:26:18Z INFO HostContext] Well known directory 'Root': 'C:\Users\esharxhi\Documents\Hello world\actions-runner'
[2026-08-18 08:26:18Z INFO HostContext] Well known directory 'Work': 'C:\Users\esharxhi\Documents\Hello world\actions-runner\_work'
[2026-08-18 08:26:18Z INFO HostContext] Well known directory 'Temp': 'C:\Users\esharxhi\Documents\Hello world\actions-runner\_work\_temp'
[2026-08-18 08:26:18Z INFO JobRunner] Getting job extension.
[2026-08-18 08:26:18Z INFO JobRunner] Initialize job. Getting all job steps.
[2026-08-18 08:26:18Z INFO HostContext] Well known directory 'Bin': 'C:\Users\esharxhi\Documents\Hello world\actions-runner\bin'
[2026-08-18 08:26:18Z INFO HostContext] Well known directory 'Root': 'C:\Users\esharxhi\Documents\Hello world\actions-runner'
[2026-08-18 08:26:18Z INFO HostContext] Well known directory 'Diag': 'C:\Users\esharxhi\Documents\Hello world\actions-runner\_diag'
[2026-08-18 08:26:18Z INFO HostContext] Well known directory 'Bin': 'C:\Users\esharxhi\Documents\Hello world\actions-runner\bin'
[2026-08-18 08:26:18Z INFO HostContext] Well known directory 'Root': 'C:\Users\esharxhi\Documents\Hello world\actions-runner'
[2026-08-18 08:26:18Z INFO HostContext] Well known directory 'Diag': 'C:\Users\esharxhi\Documents\Hello world\actions-runner\_diag'
[2026-08-18 08:26:18Z INFO HostContext] Well known directory 'Bin': 'C:\Users\esharxhi\Documents\Hello world\actions-runner\bin'
[2026-08-18 08:26:18Z INFO HostContext] Well known directory 'Root': 'C:\Users\esharxhi\Documents\Hello world\actions-runner'
[2026-08-18 08:26:18Z INFO HostContext] Well known config file 'Credentials': 'C:\Users\esharxhi\Documents\Hello world\actions-runner\.credentials'
[2026-08-18 08:26:18Z INFO HostContext] Well known directory 'Bin': 'C:\Users\esharxhi\Documents\Hello world\actions-runner\bin'
[2026-08-18 08:26:18Z INFO HostContext] Well known directory 'Root': 'C:\Users\esharxhi\Documents\Hello world\actions-runner'
[2026-08-18 08:26:18Z INFO HostContext] Well known config file 'SetupInfo': 'C:\Users\esharxhi\Documents\Hello world\actions-runner\.setup_info'
[2026-08-18 08:26:18Z INFO HostContext] Well known directory 'Bin': 'C:\Users\esharxhi\Documents\Hello world\actions-runner\bin'
[2026-08-18 08:26:18Z INFO HostContext] Well known directory 'Root': 'C:\Users\esharxhi\Documents\Hello world\actions-runner'
[2026-08-18 08:26:18Z INFO HostContext] Well known directory 'Work': 'C:\Users\esharxhi\Documents\Hello world\actions-runner\_work'
[2026-08-18 08:26:18Z INFO PipelineDirectoryManager] Loading tracking config if exists: C:\Users\esharxhi\Documents\Hello world\actions-runner\_work\_PipelineMapping\boransharxhi-oss/Helloworld-workflow\PipelineFolder.json
[2026-08-18 08:26:18Z INFO PipelineDirectoryManager] Creating a new tracking config file.
[2026-08-18 08:26:18Z INFO HostContext] Well known directory 'Bin': 'C:\Users\esharxhi\Documents\Hello world\actions-runner\bin'
[2026-08-18 08:26:18Z INFO HostContext] Well known directory 'Root': 'C:\Users\esharxhi\Documents\Hello world\actions-runner'
[2026-08-18 08:26:18Z INFO HostContext] Well known directory 'Work': 'C:\Users\esharxhi\Documents\Hello world\actions-runner\_work'
[2026-08-18 08:26:18Z INFO PipelineDirectoryManager] Creating pipeline directory.
[2026-08-18 08:26:18Z INFO HostContext] Well known directory 'Bin': 'C:\Users\esharxhi\Documents\Hello world\actions-runner\bin'
[2026-08-18 08:26:18Z INFO HostContext] Well known directory 'Root': 'C:\Users\esharxhi\Documents\Hello world\actions-runner'
[2026-08-18 08:26:18Z INFO HostContext] Well known directory 'Work': 'C:\Users\esharxhi\Documents\Hello world\actions-runner\_work'
[2026-08-18 08:26:18Z INFO PipelineDirectoryManager] Creating workspace directory.
[2026-08-18 08:26:18Z INFO HostContext] Well known directory 'Bin': 'C:\Users\esharxhi\Documents\Hello world\actions-runner\bin'
[2026-08-18 08:26:18Z INFO HostContext] Well known directory 'Root': 'C:\Users\esharxhi\Documents\Hello world\actions-runner'
[2026-08-18 08:26:18Z INFO HostContext] Well known directory 'Work': 'C:\Users\esharxhi\Documents\Hello world\actions-runner\_work'
[2026-08-18 08:26:18Z INFO JobExtension] Downloading actions
[2026-08-18 08:26:18Z INFO HostContext] Well known directory 'Bin': 'C:\Users\esharxhi\Documents\Hello world\actions-runner\bin'
[2026-08-18 08:26:18Z INFO HostContext] Well known directory 'Root': 'C:\Users\esharxhi\Documents\Hello world\actions-runner'
[2026-08-18 08:26:18Z INFO HostContext] Well known directory 'Work': 'C:\Users\esharxhi\Documents\Hello world\actions-runner\_work'
[2026-08-18 08:26:18Z INFO HostContext] Well known directory 'Actions': 'C:\Users\esharxhi\Documents\Hello world\actions-runner\_work\_actions'
[2026-08-18 08:26:18Z INFO Worker] Listening for cancel message from the channel.
[2026-08-18 08:26:18Z INFO Worker] Waiting for the job to complete or for a cancel message from the channel.
[2026-08-18 08:26:19Z INFO ResultServer] Successfully started websocket client.
[2026-08-18 08:26:19Z INFO JobServerQueue] Try to append 1 batches web console lines for record '3525d73b-ece3-4d74-8cc6-c9979ffeefbe', success rate: 1/1.
[2026-08-18 08:26:19Z INFO JobServerQueue] Job timeline record has been updated for the first time.
[2026-08-18 08:26:19Z INFO HostContext] Well known directory 'Bin': 'C:\Users\esharxhi\Documents\Hello world\actions-runner\bin'
[2026-08-18 08:26:19Z INFO HostContext] Well known directory 'Root': 'C:\Users\esharxhi\Documents\Hello world\actions-runner'
[2026-08-18 08:26:19Z INFO HostContext] Well known directory 'Work': 'C:\Users\esharxhi\Documents\Hello world\actions-runner\_work'
[2026-08-18 08:26:19Z INFO HostContext] Well known directory 'Actions': 'C:\Users\esharxhi\Documents\Hello world\actions-runner\_work\_actions'
[2026-08-18 08:26:19Z INFO HostContext] Well known directory 'Bin': 'C:\Users\esharxhi\Documents\Hello world\actions-runner\bin'
[2026-08-18 08:26:19Z INFO HostContext] Well known directory 'Root': 'C:\Users\esharxhi\Documents\Hello world\actions-runner'
[2026-08-18 08:26:19Z INFO HostContext] Well known directory 'Work': 'C:\Users\esharxhi\Documents\Hello world\actions-runner\_work'
[2026-08-18 08:26:19Z INFO HostContext] Well known directory 'Actions': 'C:\Users\esharxhi\Documents\Hello world\actions-runner\_work\_actions'
[2026-08-18 08:26:19Z INFO ActionManager] Save archive 'https://codeload.github.com/actions/checkout/zip/11d5960a326750d5838078e36cf38b85af677262' into C:\Users\esharxhi\Documents\Hello world\actions-runner\_work\_actions\_temp_d751539c-4bb3-4595-9c7e-457902062cf6\35caf2af-4889-4d52-b4dd-b283759496e4.zip.
[2026-08-18 08:26:19Z INFO ActionManager] Using Basic token for action archive download.
[2026-08-18 08:26:19Z INFO JobServerQueue] Try to append 1 batches web console lines for record '3525d73b-ece3-4d74-8cc6-c9979ffeefbe', success rate: 1/1.
[2026-08-18 08:26:20Z INFO ActionManager] Request URL: https://codeload.github.com/actions/checkout/zip/11d5960a326750d5838078e36cf38b85af677262 X-GitHub-Request-Id: C905:2CE0EB:3EE37D:5733BE:6A841810 Http Status: OK
[2026-08-18 08:26:21Z INFO ActionManager] Finished getting action repository.
[2026-08-18 08:26:21Z INFO HostContext] Well known directory 'Bin': 'C:\Users\esharxhi\Documents\Hello world\actions-runner\bin'
[2026-08-18 08:26:21Z INFO HostContext] Well known directory 'Root': 'C:\Users\esharxhi\Documents\Hello world\actions-runner'
[2026-08-18 08:26:21Z INFO HostContext] Well known directory 'Work': 'C:\Users\esharxhi\Documents\Hello world\actions-runner\_work'
[2026-08-18 08:26:21Z INFO HostContext] Well known directory 'Actions': 'C:\Users\esharxhi\Documents\Hello world\actions-runner\_work\_actions'
[2026-08-18 08:26:21Z INFO HostContext] Well known directory 'Bin': 'C:\Users\esharxhi\Documents\Hello world\actions-runner\bin'
[2026-08-18 08:26:21Z INFO HostContext] Well known directory 'Root': 'C:\Users\esharxhi\Documents\Hello world\actions-runner'
[2026-08-18 08:26:21Z INFO HostContext] Well known directory 'Work': 'C:\Users\esharxhi\Documents\Hello world\actions-runner\_work'
[2026-08-18 08:26:21Z INFO HostContext] Well known directory 'Actions': 'C:\Users\esharxhi\Documents\Hello world\actions-runner\_work\_actions'
[2026-08-18 08:26:21Z INFO ActionManager] Save archive 'https://codeload.github.com/docker/setup-buildx-action/zip/8d2750c68a42422c14e847fe6c8ac0403b4cbd6f' into C:\Users\esharxhi\Documents\Hello world\actions-runner\_work\_actions\_temp_7fcc92e4-9853-4865-bb3c-b23b4fe65467\9d867dd1-b59b-4906-bd59-87c8fffc706c.zip.
[2026-08-18 08:26:21Z INFO ActionManager] Using Basic token for action archive download.
[2026-08-18 08:26:21Z INFO JobServerQueue] Try to append 1 batches web console lines for record '3525d73b-ece3-4d74-8cc6-c9979ffeefbe', success rate: 1/1.
[2026-08-18 08:26:22Z INFO ActionManager] Request URL: https://codeload.github.com/docker/setup-buildx-action/zip/8d2750c68a42422c14e847fe6c8ac0403b4cbd6f X-GitHub-Request-Id: C906:2C6770:310771:496198:6A841811 Http Status: OK
[2026-08-18 08:26:22Z INFO ActionManager] Finished getting action repository.
[2026-08-18 08:26:22Z INFO HostContext] Well known directory 'Bin': 'C:\Users\esharxhi\Documents\Hello world\actions-runner\bin'
[2026-08-18 08:26:22Z INFO HostContext] Well known directory 'Root': 'C:\Users\esharxhi\Documents\Hello world\actions-runner'
[2026-08-18 08:26:22Z INFO HostContext] Well known directory 'Work': 'C:\Users\esharxhi\Documents\Hello world\actions-runner\_work'
[2026-08-18 08:26:22Z INFO HostContext] Well known directory 'Actions': 'C:\Users\esharxhi\Documents\Hello world\actions-runner\_work\_actions'
[2026-08-18 08:26:22Z INFO ActionManifestManagerLegacy] Load schema file with definitions: [
  "null",
  "boolean",
  "number",
  "string",
  "sequence",
  "mapping",
  "any",
  "action-root",
  "inputs",
  "input",
  "outputs",
  "output-definition",
  "runs",
  "container-runs",
  "container-runs-args",
  "container-runs-env",
  "node-runs",
  "plugin-runs",
  "composite-runs",
  "composite-steps",
  "composite-step",
  "run-step",
  "uses-step",
  "container-runs-context",
  "output-value",
  "input-default-context",
  "non-empty-string",
  "string-steps-context",
  "boolean-steps-context",
  "step-env",
  "step-if",
  "step-with"
]
[2026-08-18 08:26:22Z INFO ActionManifestManager] Load schema file with definitions: [
  "null",
  "boolean",
  "number",
  "string",
  "sequence",
  "mapping",
  "any",
  "action-root",
  "inputs",
  "input",
  "outputs",
  "output-definition",
  "runs",
  "container-runs",
  "container-runs-args",
  "container-runs-env",
  "node-runs",
  "plugin-runs",
  "composite-runs",
  "composite-steps",
  "composite-step",
  "run-step",
  "uses-step",
  "container-runs-context",
  "output-value",
  "input-default-context",
  "non-empty-string",
  "string-steps-context",
  "boolean-steps-context",
  "step-env",
  "step-if",
  "step-with"
]
[2026-08-18 08:26:22Z INFO HostContext] Well known directory 'Bin': 'C:\Users\esharxhi\Documents\Hello world\actions-runner\bin'
[2026-08-18 08:26:22Z INFO HostContext] Well known directory 'Root': 'C:\Users\esharxhi\Documents\Hello world\actions-runner'
[2026-08-18 08:26:22Z INFO HostContext] Well known directory 'Work': 'C:\Users\esharxhi\Documents\Hello world\actions-runner\_work'
[2026-08-18 08:26:22Z INFO HostContext] Well known directory 'Actions': 'C:\Users\esharxhi\Documents\Hello world\actions-runner\_work\_actions'
[2026-08-18 08:26:22Z INFO ActionManifestManagerLegacy] Loaded action.yml file: {
  "name": "Checkout",
  "description": "Checkout a Git repository at a particular version",
  "inputs": {
    "type": 2,
    "map": [
      {
        "key": {
          "type": 0,
          "file": 2,
          "line": 4,
          "col": 3,
          "lit": "repository"
        },
        "value": {
          "type": 3,
          "file": 2,
          "line": 6,
          "col": 14,
          "expr": "github.repository"
        }
      },
      {
        "key": {
          "type": 0,
          "file": 2,
          "line": 7,
          "col": 3,
          "lit": "ref"
        },
        "value": ""
      },
      {
        "key": {
          "type": 0,
          "file": 2,
          "line": 12,
          "col": 3,
          "lit": "token"
        },
        "value": {
          "type": 3,
          "file": 2,
          "line": 24,
          "col": 14,
          "expr": "github.token"
        }
      },
      {
        "key": {
          "type": 0,
          "file": 2,
          "line": 25,
          "col": 3,
          "lit": "ssh-key"
        },
        "value": ""
      },
      {
        "key": {
          "type": 0,
          "file": 2,
          "line": 37,
          "col": 3,
          "lit": "ssh-known-hosts"
        },
        "value": ""
      },
      {
        "key": {
          "type": 0,
          "file": 2,
          "line": 42,
          "col": 3,
          "lit": "ssh-strict"
        },
        "value": {
          "type": 0,
          "file": 2,
          "line": 47,
          "col": 14,
          "lit": "true"
        }
      },
      {
        "key": {
          "type": 0,
          "file": 2,
          "line": 48,
          "col": 3,
          "lit": "ssh-user"
        },
        "value": {
          "type": 0,
          "file": 2,
          "line": 51,
          "col": 14,
          "lit": "git"
        }
      },
      {
        "key": {
          "type": 0,
          "file": 2,
          "line": 52,
          "col": 3,
          "lit": "persist-credentials"
        },
        "value": {
          "type": 0,
          "file": 2,
          "line": 54,
          "col": 14,
          "lit": "true"
        }
      },
      {
        "key": {
          "type": 0,
          "file": 2,
          "line": 55,
          "col": 3,
          "lit": "path"
        },
        "value": ""
      },
      {
        "key": {
          "type": 0,
          "file": 2,
          "line": 57,
          "col": 3,
          "lit": "clean"
        },
        "value": {
          "type": 0,
          "file": 2,
          "line": 59,
          "col": 14,
          "lit": "true"
        }
      },
      {
        "key": {
          "type": 0,
          "file": 2,
          "line": 60,
          "col": 3,
          "lit": "filter"
        },
        "value": {
          "type": 0,
          "file": 2,
          "line": 64,
          "col": 14,
          "lit": ""
        }
      },
      {
        "key": {
          "type": 0,
          "file": 2,
          "line": 65,
          "col": 3,
          "lit": "sparse-checkout"
        },
        "value": {
          "type": 0,
          "file": 2,
          "line": 69,
          "col": 14,
          "lit": ""
        }
      },
      {
        "key": {
          "type": 0,
          "file": 2,
          "line": 70,
          "col": 3,
          "lit": "sparse-checkout-cone-mode"
        },
        "value": {
          "type": 0,
          "file": 2,
          "line": 73,
          "col": 14,
          "lit": "true"
        }
      },
      {
        "key": {
          "type": 0,
          "file": 2,
          "line": 74,
          "col": 3,
          "lit": "fetch-depth"
        },
        "value": {
          "type": 0,
          "file": 2,
          "line": 76,
          "col": 14,
          "lit": "1"
        }
      },
      {
        "key": {
          "type": 0,
          "file": 2,
          "line": 77,
          "col": 3,
          "lit": "fetch-tags"
        },
        "value": {
          "type": 0,
          "file": 2,
          "line": 79,
          "col": 14,
          "lit": "false"
        }
      },
      {
        "key": {
          "type": 0,
          "file": 2,
          "line": 80,
          "col": 3,
          "lit": "show-progress"
        },
        "value": {
          "type": 0,
          "file": 2,
          "line": 82,
          "col": 14,
          "lit": "true"
        }
      },
      {
        "key": {
          "type": 0,
          "file": 2,
          "line": 83,
          "col": 3,
          "lit": "lfs"
        },
        "value": {
          "type": 0,
          "file": 2,
          "line": 85,
          "col": 14,
          "lit": "false"
        }
      },
      {
        "key": {
          "type": 0,
          "file": 2,
          "line": 86,
          "col": 3,
          "lit": "submodules"
        },
        "value": {
          "type": 0,
          "file": 2,
          "line": 94,
          "col": 14,
          "lit": "false"
        }
      },
      {
        "key": {
          "type": 0,
          "file": 2,
          "line": 95,
          "col": 3,
          "lit": "set-safe-directory"
        },
        "value": {
          "type": 0,
          "file": 2,
          "line": 97,
          "col": 14,
          "lit": "true"
        }
      },
      {
        "key": {
          "type": 0,
          "file": 2,
          "line": 98,
          "col": 3,
          "lit": "github-server-url"
        },
        "value": ""
      },
      {
        "key": {
          "type": 0,
          "file": 2,
          "line": 101,
          "col": 3,
          "lit": "allow-unsafe-pr-checkout"
        },
        "value": {
          "type": 0,
          "file": 2,
          "line": 109,
          "col": 14,
          "lit": "false"
        }
      }
    ]
  },
  "execution": {
    "executionType": "nodeJS",
    "hasPre": false,
    "hasPost": true,
    "script": "dist/index.js",
    "pre": null,
    "post": "dist/index.js",
    "nodeVersion": "node20",
    "cleanupCondition": "always()",
    "initCondition": "always()"
  },
  "deprecated": null
}
[2026-08-18 08:26:22Z INFO ActionManager] Action node.js file: dist/index.js, no more preparation.
[2026-08-18 08:26:22Z INFO HostContext] Well known directory 'Bin': 'C:\Users\esharxhi\Documents\Hello world\actions-runner\bin'
[2026-08-18 08:26:22Z INFO HostContext] Well known directory 'Root': 'C:\Users\esharxhi\Documents\Hello world\actions-runner'
[2026-08-18 08:26:22Z INFO HostContext] Well known directory 'Work': 'C:\Users\esharxhi\Documents\Hello world\actions-runner\_work'
[2026-08-18 08:26:22Z INFO HostContext] Well known directory 'Actions': 'C:\Users\esharxhi\Documents\Hello world\actions-runner\_work\_actions'
[2026-08-18 08:26:22Z INFO ActionManager] Load action that reference repository from 'C:\Users\esharxhi\Documents\Hello world\actions-runner\_work\_actions\actions\checkout\v4'
[2026-08-18 08:26:22Z INFO HostContext] Well known directory 'Bin': 'C:\Users\esharxhi\Documents\Hello world\actions-runner\bin'
[2026-08-18 08:26:22Z INFO HostContext] Well known directory 'Root': 'C:\Users\esharxhi\Documents\Hello world\actions-runner'
[2026-08-18 08:26:22Z INFO HostContext] Well known directory 'Work': 'C:\Users\esharxhi\Documents\Hello world\actions-runner\_work'
[2026-08-18 08:26:22Z INFO HostContext] Well known directory 'Actions': 'C:\Users\esharxhi\Documents\Hello world\actions-runner\_work\_actions'
[2026-08-18 08:26:22Z INFO ActionManifestManagerLegacy] Loaded action.yml file: {
  "name": "Checkout",
  "description": "Checkout a Git repository at a particular version",
  "inputs": {
    "type": 2,
    "map": [
      {
        "key": {
          "type": 0,
          "file": 2,
          "line": 4,
          "col": 3,
          "lit": "repository"
        },
        "value": {
          "type": 3,
          "file": 2,
          "line": 6,
          "col": 14,
          "expr": "github.repository"
        }
      },
      {
        "key": {
          "type": 0,
          "file": 2,
          "line": 7,
          "col": 3,
          "lit": "ref"
        },
        "value": ""
      },
      {
        "key": {
          "type": 0,
          "file": 2,
          "line": 12,
          "col": 3,
          "lit": "token"
        },
        "value": {
          "type": 3,
          "file": 2,
          "line": 24,
          "col": 14,
          "expr": "github.token"
        }
      },
      {
        "key": {
          "type": 0,
          "file": 2,
          "line": 25,
          "col": 3,
          "lit": "ssh-key"
        },
        "value": ""
      },
      {
        "key": {
          "type": 0,
          "file": 2,
          "line": 37,
          "col": 3,
          "lit": "ssh-known-hosts"
        },
        "value": ""
      },
      {
        "key": {
          "type": 0,
          "file": 2,
          "line": 42,
          "col": 3,
          "lit": "ssh-strict"
        },
        "value": {
          "type": 0,
          "file": 2,
          "line": 47,
          "col": 14,
          "lit": "true"
        }
      },
      {
        "key": {
          "type": 0,
          "file": 2,
          "line": 48,
          "col": 3,
          "lit": "ssh-user"
        },
        "value": {
          "type": 0,
          "file": 2,
          "line": 51,
          "col": 14,
          "lit": "git"
        }
      },
      {
        "key": {
          "type": 0,
          "file": 2,
          "line": 52,
          "col": 3,
          "lit": "persist-credentials"
        },
        "value": {
          "type": 0,
          "file": 2,
          "line": 54,
          "col": 14,
          "lit": "true"
        }
      },
      {
        "key": {
          "type": 0,
          "file": 2,
          "line": 55,
          "col": 3,
          "lit": "path"
        },
        "value": ""
      },
      {
        "key": {
          "type": 0,
          "file": 2,
          "line": 57,
          "col": 3,
          "lit": "clean"
        },
        "value": {
          "type": 0,
          "file": 2,
          "line": 59,
          "col": 14,
          "lit": "true"
        }
      },
      {
        "key": {
          "type": 0,
          "file": 2,
          "line": 60,
          "col": 3,
          "lit": "filter"
        },
        "value": {
          "type": 0,
          "file": 2,
          "line": 64,
          "col": 14,
          "lit": ""
        }
      },
      {
        "key": {
          "type": 0,
          "file": 2,
          "line": 65,
          "col": 3,
          "lit": "sparse-checkout"
        },
        "value": {
          "type": 0,
          "file": 2,
          "line": 69,
          "col": 14,
          "lit": ""
        }
      },
      {
        "key": {
          "type": 0,
          "file": 2,
          "line": 70,
          "col": 3,
          "lit": "sparse-checkout-cone-mode"
        },
        "value": {
          "type": 0,
          "file": 2,
          "line": 73,
          "col": 14,
          "lit": "true"
        }
      },
      {
        "key": {
          "type": 0,
          "file": 2,
          "line": 74,
          "col": 3,
          "lit": "fetch-depth"
        },
        "value": {
          "type": 0,
          "file": 2,
          "line": 76,
          "col": 14,
          "lit": "1"
        }
      },
      {
        "key": {
          "type": 0,
          "file": 2,
          "line": 77,
          "col": 3,
          "lit": "fetch-tags"
        },
        "value": {
          "type": 0,
          "file": 2,
          "line": 79,
          "col": 14,
          "lit": "false"
        }
      },
      {
        "key": {
          "type": 0,
          "file": 2,
          "line": 80,
          "col": 3,
          "lit": "show-progress"
        },
        "value": {
          "type": 0,
          "file": 2,
          "line": 82,
          "col": 14,
          "lit": "true"
        }
      },
      {
        "key": {
          "type": 0,
          "file": 2,
          "line": 83,
          "col": 3,
          "lit": "lfs"
        },
        "value": {
          "type": 0,
          "file": 2,
          "line": 85,
          "col": 14,
          "lit": "false"
        }
      },
      {
        "key": {
          "type": 0,
          "file": 2,
          "line": 86,
          "col": 3,
          "lit": "submodules"
        },
        "value": {
          "type": 0,
          "file": 2,
          "line": 94,
          "col": 14,
          "lit": "false"
        }
      },
      {
        "key": {
          "type": 0,
          "file": 2,
          "line": 95,
          "col": 3,
          "lit": "set-safe-directory"
        },
        "value": {
          "type": 0,
          "file": 2,
          "line": 97,
          "col": 14,
          "lit": "true"
        }
      },
      {
        "key": {
          "type": 0,
          "file": 2,
          "line": 98,
          "col": 3,
          "lit": "github-server-url"
        },
        "value": ""
      },
      {
        "key": {
          "type": 0,
          "file": 2,
          "line": 101,
          "col": 3,
          "lit": "allow-unsafe-pr-checkout"
        },
        "value": {
          "type": 0,
          "file": 2,
          "line": 109,
          "col": 14,
          "lit": "false"
        }
      }
    ]
  },
  "execution": {
    "executionType": "nodeJS",
    "hasPre": false,
    "hasPost": true,
    "script": "dist/index.js",
    "pre": null,
    "post": "dist/index.js",
    "nodeVersion": "node20",
    "cleanupCondition": "always()",
    "initCondition": "always()"
  },
  "deprecated": null
}
[2026-08-18 08:26:22Z INFO ActionManager] Action pre node.js file: N/A.
[2026-08-18 08:26:22Z INFO ActionManager] Action node.js file: dist/index.js.
[2026-08-18 08:26:22Z INFO ActionManager] Action post node.js file: dist/index.js.
[2026-08-18 08:26:22Z INFO HostContext] Well known directory 'Bin': 'C:\Users\esharxhi\Documents\Hello world\actions-runner\bin'
[2026-08-18 08:26:22Z INFO HostContext] Well known directory 'Root': 'C:\Users\esharxhi\Documents\Hello world\actions-runner'
[2026-08-18 08:26:22Z INFO HostContext] Well known directory 'Work': 'C:\Users\esharxhi\Documents\Hello world\actions-runner\_work'
[2026-08-18 08:26:22Z INFO HostContext] Well known directory 'Actions': 'C:\Users\esharxhi\Documents\Hello world\actions-runner\_work\_actions'
[2026-08-18 08:26:22Z INFO HostContext] Well known directory 'Bin': 'C:\Users\esharxhi\Documents\Hello world\actions-runner\bin'
[2026-08-18 08:26:22Z INFO HostContext] Well known directory 'Root': 'C:\Users\esharxhi\Documents\Hello world\actions-runner'
[2026-08-18 08:26:22Z INFO HostContext] Well known directory 'Work': 'C:\Users\esharxhi\Documents\Hello world\actions-runner\_work'
[2026-08-18 08:26:22Z INFO HostContext] Well known directory 'Actions': 'C:\Users\esharxhi\Documents\Hello world\actions-runner\_work\_actions'
[2026-08-18 08:26:22Z INFO ActionManifestManagerLegacy] Ignore action property author.
[2026-08-18 08:26:22Z INFO ActionManifestManagerLegacy] Ignore action property branding.
[2026-08-18 08:26:22Z INFO ActionManifestManagerLegacy] Loaded action.yml file: {
  "name": "Docker Setup Buildx",
  "description": "Set up Docker Buildx",
  "inputs": {
    "type": 2,
    "map": [
      {
        "key": {
          "type": 0,
          "file": 3,
          "line": 10,
          "col": 3,
          "lit": "version"
        },
        "value": ""
      },
      {
        "key": {
          "type": 0,
          "file": 3,
          "line": 13,
          "col": 3,
          "lit": "driver"
        },
        "value": {
          "type": 0,
          "file": 3,
          "line": 15,
          "col": 14,
          "lit": "docker-container"
        }
      },
      {
        "key": {
          "type": 0,
          "file": 3,
          "line": 17,
          "col": 3,
          "lit": "driver-opts"
        },
        "value": ""
      },
      {
        "key": {
          "type": 0,
          "file": 3,
          "line": 20,
          "col": 3,
          "lit": "buildkitd-flags"
        },
        "value": ""
      },
      {
        "key": {
          "type": 0,
          "file": 3,
          "line": 23,
          "col": 3,
          "lit": "buildkitd-config"
        },
        "value": ""
      },
      {
        "key": {
          "type": 0,
          "file": 3,
          "line": 26,
          "col": 3,
          "lit": "buildkitd-config-inline"
        },
        "value": ""
      },
      {
        "key": {
          "type": 0,
          "file": 3,
          "line": 29,
          "col": 3,
          "lit": "use"
        },
        "value": {
          "type": 0,
          "file": 3,
          "line": 31,
          "col": 14,
          "lit": "true"
        }
      },
      {
        "key": {
          "type": 0,
          "file": 3,
          "line": 33,
          "col": 3,
          "lit": "name"
        },
        "value": ""
      },
      {
        "key": {
          "type": 0,
          "file": 3,
          "line": 36,
          "col": 3,
          "lit": "endpoint"
        },
        "value": ""
      },
      {
        "key": {
          "type": 0,
          "file": 3,
          "line": 39,
          "col": 3,
          "lit": "platforms"
        },
        "value": ""
      },
      {
        "key": {
          "type": 0,
          "file": 3,
          "line": 42,
          "col": 3,
          "lit": "append"
        },
        "value": ""
      },
      {
        "key": {
          "type": 0,
          "file": 3,
          "line": 45,
          "col": 3,
          "lit": "keep-state"
        },
        "value": {
          "type": 0,
          "file": 3,
          "line": 47,
          "col": 14,
          "lit": "false"
        }
      },
      {
        "key": {
          "type": 0,
          "file": 3,
          "line": 49,
          "col": 3,
          "lit": "cache-binary"
        },
        "value": {
          "type": 0,
          "file": 3,
          "line": 51,
          "col": 14,
          "lit": "true"
        }
      },
      {
        "key": {
          "type": 0,
          "file": 3,
          "line": 53,
          "col": 3,
          "lit": "cleanup"
        },
        "value": {
          "type": 0,
          "file": 3,
          "line": 55,
          "col": 14,
          "lit": "true"
        }
      },
      {
        "key": {
          "type": 0,
          "file": 3,
          "line": 58,
          "col": 3,
          "lit": "config"
        },
        "value": ""
      },
      {
        "key": {
          "type": 0,
          "file": 3,
          "line": 62,
          "col": 3,
          "lit": "config-inline"
        },
        "value": ""
      },
      {
        "key": {
          "type": 0,
          "file": 3,
          "line": 66,
          "col": 3,
          "lit": "install"
        },
        "value": {
          "type": 0,
          "file": 3,
          "line": 69,
          "col": 14,
          "lit": "false"
        }
      }
    ]
  },
  "execution": {
    "executionType": "nodeJS",
    "hasPre": false,
    "hasPost": true,
    "script": "dist/index.js",
    "pre": null,
    "post": "dist/index.js",
    "nodeVersion": "node20",
    "cleanupCondition": "always()",
    "initCondition": "always()"
  },
  "deprecated": {
    "config": "Use buildkitd-config instead",
    "config-inline": "Use buildkitd-config-inline instead",
    "install": "\"docker buildx install\" command is deprecated and will be removed in a future release, use BUILDX_BUILDER environment variable instead"
  }
}
[2026-08-18 08:26:22Z INFO ActionManager] Action node.js file: dist/index.js, no more preparation.
[2026-08-18 08:26:22Z INFO HostContext] Well known directory 'Bin': 'C:\Users\esharxhi\Documents\Hello world\actions-runner\bin'
[2026-08-18 08:26:22Z INFO HostContext] Well known directory 'Root': 'C:\Users\esharxhi\Documents\Hello world\actions-runner'
[2026-08-18 08:26:22Z INFO HostContext] Well known directory 'Work': 'C:\Users\esharxhi\Documents\Hello world\actions-runner\_work'
[2026-08-18 08:26:22Z INFO HostContext] Well known directory 'Actions': 'C:\Users\esharxhi\Documents\Hello world\actions-runner\_work\_actions'
[2026-08-18 08:26:22Z INFO ActionManager] Load action that reference repository from 'C:\Users\esharxhi\Documents\Hello world\actions-runner\_work\_actions\docker\setup-buildx-action\v3'
[2026-08-18 08:26:22Z INFO HostContext] Well known directory 'Bin': 'C:\Users\esharxhi\Documents\Hello world\actions-runner\bin'
[2026-08-18 08:26:22Z INFO HostContext] Well known directory 'Root': 'C:\Users\esharxhi\Documents\Hello world\actions-runner'
[2026-08-18 08:26:22Z INFO HostContext] Well known directory 'Work': 'C:\Users\esharxhi\Documents\Hello world\actions-runner\_work'
[2026-08-18 08:26:22Z INFO HostContext] Well known directory 'Actions': 'C:\Users\esharxhi\Documents\Hello world\actions-runner\_work\_actions'
[2026-08-18 08:26:22Z INFO ActionManifestManagerLegacy] Ignore action property author.
[2026-08-18 08:26:22Z INFO ActionManifestManagerLegacy] Ignore action property branding.
[2026-08-18 08:26:22Z INFO ActionManifestManagerLegacy] Loaded action.yml file: {
  "name": "Docker Setup Buildx",
  "description": "Set up Docker Buildx",
  "inputs": {
    "type": 2,
    "map": [
      {
        "key": {
          "type": 0,
          "file": 3,
          "line": 10,
          "col": 3,
          "lit": "version"
        },
        "value": ""
      },
      {
        "key": {
          "type": 0,
          "file": 3,
          "line": 13,
          "col": 3,
          "lit": "driver"
        },
        "value": {
          "type": 0,
          "file": 3,
          "line": 15,
          "col": 14,
          "lit": "docker-container"
        }
      },
      {
        "key": {
          "type": 0,
          "file": 3,
          "line": 17,
          "col": 3,
          "lit": "driver-opts"
        },
        "value": ""
      },
      {
        "key": {
          "type": 0,
          "file": 3,
          "line": 20,
          "col": 3,
          "lit": "buildkitd-flags"
        },
        "value": ""
      },
      {
        "key": {
          "type": 0,
          "file": 3,
          "line": 23,
          "col": 3,
          "lit": "buildkitd-config"
        },
        "value": ""
      },
      {
        "key": {
          "type": 0,
          "file": 3,
          "line": 26,
          "col": 3,
          "lit": "buildkitd-config-inline"
        },
        "value": ""
      },
      {
        "key": {
          "type": 0,
          "file": 3,
          "line": 29,
          "col": 3,
          "lit": "use"
        },
        "value": {
          "type": 0,
          "file": 3,
          "line": 31,
          "col": 14,
          "lit": "true"
        }
      },
      {
        "key": {
          "type": 0,
          "file": 3,
          "line": 33,
          "col": 3,
          "lit": "name"
        },
        "value": ""
      },
      {
        "key": {
          "type": 0,
          "file": 3,
          "line": 36,
          "col": 3,
          "lit": "endpoint"
        },
        "value": ""
      },
      {
        "key": {
          "type": 0,
          "file": 3,
          "line": 39,
          "col": 3,
          "lit": "platforms"
        },
        "value": ""
      },
      {
        "key": {
          "type": 0,
          "file": 3,
          "line": 42,
          "col": 3,
          "lit": "append"
        },
        "value": ""
      },
      {
        "key": {
          "type": 0,
          "file": 3,
          "line": 45,
          "col": 3,
          "lit": "keep-state"
        },
        "value": {
          "type": 0,
          "file": 3,
          "line": 47,
          "col": 14,
          "lit": "false"
        }
      },
      {
        "key": {
          "type": 0,
          "file": 3,
          "line": 49,
          "col": 3,
          "lit": "cache-binary"
        },
        "value": {
          "type": 0,
          "file": 3,
          "line": 51,
          "col": 14,
          "lit": "true"
        }
      },
      {
        "key": {
          "type": 0,
          "file": 3,
          "line": 53,
          "col": 3,
          "lit": "cleanup"
        },
        "value": {
          "type": 0,
          "file": 3,
          "line": 55,
          "col": 14,
          "lit": "true"
        }
      },
      {
        "key": {
          "type": 0,
          "file": 3,
          "line": 58,
          "col": 3,
          "lit": "config"
        },
        "value": ""
      },
      {
        "key": {
          "type": 0,
          "file": 3,
          "line": 62,
          "col": 3,
          "lit": "config-inline"
        },
        "value": ""
      },
      {
        "key": {
          "type": 0,
          "file": 3,
          "line": 66,
          "col": 3,
          "lit": "install"
        },
        "value": {
          "type": 0,
          "file": 3,
          "line": 69,
          "col": 14,
          "lit": "false"
        }
      }
    ]
  },
  "execution": {
    "executionType": "nodeJS",
    "hasPre": false,
    "hasPost": true,
    "script": "dist/index.js",
    "pre": null,
    "post": "dist/index.js",
    "nodeVersion": "node20",
    "cleanupCondition": "always()",
    "initCondition": "always()"
  },
  "deprecated": {
    "config": "Use buildkitd-config instead",
    "config-inline": "Use buildkitd-config-inline instead",
    "install": "\"docker buildx install\" command is deprecated and will be removed in a future release, use BUILDX_BUILDER environment variable instead"
  }
}
[2026-08-18 08:26:22Z INFO ActionManager] Action pre node.js file: N/A.
[2026-08-18 08:26:22Z INFO ActionManager] Action node.js file: dist/index.js.
[2026-08-18 08:26:22Z INFO ActionManager] Action post node.js file: dist/index.js.
[2026-08-18 08:26:22Z INFO JobExtension] Adding .
[2026-08-18 08:26:22Z INFO JobExtension] Adding .
[2026-08-18 08:26:22Z INFO JobExtension] Adding .
[2026-08-18 08:26:22Z INFO JobExtension] Adding .
[2026-08-18 08:26:22Z INFO HostContext] Well known directory 'Bin': 'C:\Users\esharxhi\Documents\Hello world\actions-runner\bin'
[2026-08-18 08:26:22Z INFO HostContext] Well known directory 'Root': 'C:\Users\esharxhi\Documents\Hello world\actions-runner'
[2026-08-18 08:26:22Z INFO HostContext] Well known directory 'Diag': 'C:\Users\esharxhi\Documents\Hello world\actions-runner\_diag'
[2026-08-18 08:26:22Z INFO HostContext] Well known directory 'Bin': 'C:\Users\esharxhi\Documents\Hello world\actions-runner\bin'
[2026-08-18 08:26:22Z INFO HostContext] Well known directory 'Root': 'C:\Users\esharxhi\Documents\Hello world\actions-runner'
[2026-08-18 08:26:22Z INFO HostContext] Well known directory 'Diag': 'C:\Users\esharxhi\Documents\Hello world\actions-runner\_diag'
[2026-08-18 08:26:22Z INFO HostContext] Well known directory 'Bin': 'C:\Users\esharxhi\Documents\Hello world\actions-runner\bin'
[2026-08-18 08:26:22Z INFO HostContext] Well known directory 'Root': 'C:\Users\esharxhi\Documents\Hello world\actions-runner'
[2026-08-18 08:26:22Z INFO HostContext] Well known directory 'Diag': 'C:\Users\esharxhi\Documents\Hello world\actions-runner\_diag'
[2026-08-18 08:26:22Z INFO HostContext] Well known directory 'Bin': 'C:\Users\esharxhi\Documents\Hello world\actions-runner\bin'
[2026-08-18 08:26:22Z INFO HostContext] Well known directory 'Root': 'C:\Users\esharxhi\Documents\Hello world\actions-runner'
[2026-08-18 08:26:22Z INFO HostContext] Well known directory 'Diag': 'C:\Users\esharxhi\Documents\Hello world\actions-runner\_diag'
[2026-08-18 08:26:22Z INFO HostContext] Well known directory 'Bin': 'C:\Users\esharxhi\Documents\Hello world\actions-runner\bin'
[2026-08-18 08:26:22Z INFO HostContext] Well known directory 'Root': 'C:\Users\esharxhi\Documents\Hello world\actions-runner'
[2026-08-18 08:26:22Z INFO HostContext] Well known directory 'Diag': 'C:\Users\esharxhi\Documents\Hello world\actions-runner\_diag'
[2026-08-18 08:26:22Z INFO HostContext] Well known directory 'Bin': 'C:\Users\esharxhi\Documents\Hello world\actions-runner\bin'
[2026-08-18 08:26:22Z INFO HostContext] Well known directory 'Root': 'C:\Users\esharxhi\Documents\Hello world\actions-runner'
[2026-08-18 08:26:22Z INFO HostContext] Well known directory 'Diag': 'C:\Users\esharxhi\Documents\Hello world\actions-runner\_diag'
[2026-08-18 08:26:22Z INFO HostContext] Well known directory 'Bin': 'C:\Users\esharxhi\Documents\Hello world\actions-runner\bin'
[2026-08-18 08:26:22Z INFO HostContext] Well known directory 'Root': 'C:\Users\esharxhi\Documents\Hello world\actions-runner'
[2026-08-18 08:26:22Z INFO HostContext] Well known directory 'Diag': 'C:\Users\esharxhi\Documents\Hello world\actions-runner\_diag'
[2026-08-18 08:26:22Z INFO HostContext] Well known directory 'Bin': 'C:\Users\esharxhi\Documents\Hello world\actions-runner\bin'
[2026-08-18 08:26:22Z INFO HostContext] Well known directory 'Root': 'C:\Users\esharxhi\Documents\Hello world\actions-runner'
[2026-08-18 08:26:22Z INFO HostContext] Well known directory 'Diag': 'C:\Users\esharxhi\Documents\Hello world\actions-runner\_diag'
[2026-08-18 08:26:22Z INFO JobExtension] Total accessible running process: 258.
[2026-08-18 08:26:22Z INFO HostContext] Well known directory 'Bin': 'C:\Users\esharxhi\Documents\Hello world\actions-runner\bin'
[2026-08-18 08:26:22Z INFO HostContext] Well known directory 'Root': 'C:\Users\esharxhi\Documents\Hello world\actions-runner'
[2026-08-18 08:26:22Z INFO HostContext] Well known directory 'Work': 'C:\Users\esharxhi\Documents\Hello world\actions-runner\_work'
[2026-08-18 08:26:22Z INFO JobExtension] Start checking server connectivity.
[2026-08-18 08:26:22Z INFO JobExtension] Check server connectivity for https://broker.actions.githubusercontent.com/health.
[2026-08-18 08:26:22Z INFO JobExtension] Check server connectivity for https://token.actions.githubusercontent.com/ready.
[2026-08-18 08:26:22Z INFO JobExtension] Check server connectivity for https://run.actions.githubusercontent.com/health.
[2026-08-18 08:26:22Z INFO JobExtension] Start checking service connectivity in background.
[2026-08-18 08:26:22Z INFO ExecutionContext] Publish step telemetry for current step {
  "action": "setup_job",
  "type": "runner",
  "stage": "Pre",
  "stepId": "3525d73b-ece3-4d74-8cc6-c9979ffeefbe",
  "result": "succeeded",
  "errorMessages": [],
  "executionTimeInSeconds": 4,
  "startTime": "2026-08-18T08:26:18.7822027Z",
  "finishTime": "2026-08-18T08:26:22.5373178Z"
}.
[2026-08-18 08:26:22Z INFO JobRunner] Total job steps: 4.
[2026-08-18 08:26:22Z INFO JobRunner] Run all job steps.
[2026-08-18 08:26:22Z INFO DapDebugger] DapDebugger initialized
[2026-08-18 08:26:22Z INFO StepsRunner] Processing step: DisplayName='Checkout code'
[2026-08-18 08:26:22Z INFO StepsRunner] Evaluating: success()
[2026-08-18 08:26:22Z INFO StepsRunner] Result: true
[2026-08-18 08:26:22Z INFO JobServerQueue] Try to append 1 batches web console lines for record '3525d73b-ece3-4d74-8cc6-c9979ffeefbe', success rate: 1/1.
[2026-08-18 08:26:22Z INFO StepsRunner] Starting the step.
[2026-08-18 08:26:22Z INFO HostContext] Well known directory 'Bin': 'C:\Users\esharxhi\Documents\Hello world\actions-runner\bin'
[2026-08-18 08:26:22Z INFO HostContext] Well known directory 'Root': 'C:\Users\esharxhi\Documents\Hello world\actions-runner'
[2026-08-18 08:26:22Z INFO HostContext] Well known directory 'Work': 'C:\Users\esharxhi\Documents\Hello world\actions-runner\_work'
[2026-08-18 08:26:22Z INFO StepsRunner] Which2: 'chcp'
[2026-08-18 08:26:22Z INFO StepsRunner] Location: 'C:\Windows\system32\chcp.COM'
[2026-08-18 08:26:22Z INFO ProcessInvokerWrapper] Starting process:
[2026-08-18 08:26:22Z INFO ProcessInvokerWrapper]   File name: 'C:\Windows\system32\chcp.COM'
[2026-08-18 08:26:22Z INFO ProcessInvokerWrapper]   Arguments: '65001'
[2026-08-18 08:26:22Z INFO ProcessInvokerWrapper]   Working directory: 'C:\Users\esharxhi\Documents\Hello world\actions-runner\_work'
[2026-08-18 08:26:22Z INFO ProcessInvokerWrapper]   Require exit code zero: 'False'
[2026-08-18 08:26:22Z INFO ProcessInvokerWrapper]   Encoding web name:  ; code page: ''
[2026-08-18 08:26:22Z INFO ProcessInvokerWrapper]   Force kill process on cancellation: 'False'
[2026-08-18 08:26:22Z INFO ProcessInvokerWrapper]   Redirected STDIN: 'False'
[2026-08-18 08:26:22Z INFO ProcessInvokerWrapper]   Persist current code page: 'True'
[2026-08-18 08:26:22Z INFO ProcessInvokerWrapper]   Keep redirected STDIN open: 'False'
[2026-08-18 08:26:22Z INFO ProcessInvokerWrapper]   High priority process: 'False'
[2026-08-18 08:26:22Z INFO ProcessInvokerWrapper] Process started with process id 19532, waiting for process exit.
[2026-08-18 08:26:22Z INFO ProcessInvokerWrapper] STDOUT/STDERR stream read finished.
[2026-08-18 08:26:22Z INFO ProcessInvokerWrapper] STDOUT/STDERR stream read finished.
[2026-08-18 08:26:22Z INFO JobServerQueue] Got a step log file to send to results service.
[2026-08-18 08:26:22Z INFO ProcessInvokerWrapper] Finished process 19532 with exit code 0, and elapsed time 00:00:00.1625473.
[2026-08-18 08:26:22Z INFO JobServerQueue] Starting upload of step log file to results service ResultsLog, C:\Users\esharxhi\Documents\Hello world\actions-runner\_diag\blocks\bbb79312-c273-4bdc-a114-6b4b1a991b91_3525d73b-ece3-4d74-8cc6-c9979ffeefbe.1
[2026-08-18 08:26:22Z INFO StepsRunner] Successfully returned to code page 65001 (UTF8)
[2026-08-18 08:26:22Z INFO JobServerQueue] Try to upload 1 log files or attachments, success rate: 1/1.
[2026-08-18 08:26:22Z INFO HostContext] Well known directory 'Bin': 'C:\Users\esharxhi\Documents\Hello world\actions-runner\bin'
[2026-08-18 08:26:22Z INFO HostContext] Well known directory 'Root': 'C:\Users\esharxhi\Documents\Hello world\actions-runner'
[2026-08-18 08:26:22Z INFO HostContext] Well known directory 'Work': 'C:\Users\esharxhi\Documents\Hello world\actions-runner\_work'
[2026-08-18 08:26:22Z INFO HostContext] Well known directory 'Actions': 'C:\Users\esharxhi\Documents\Hello world\actions-runner\_work\_actions'
[2026-08-18 08:26:22Z INFO ActionManager] Load action that reference repository from 'C:\Users\esharxhi\Documents\Hello world\actions-runner\_work\_actions\actions\checkout\v4'
[2026-08-18 08:26:22Z INFO HostContext] Well known directory 'Bin': 'C:\Users\esharxhi\Documents\Hello world\actions-runner\bin'
[2026-08-18 08:26:22Z INFO HostContext] Well known directory 'Root': 'C:\Users\esharxhi\Documents\Hello world\actions-runner'
[2026-08-18 08:26:22Z INFO HostContext] Well known directory 'Work': 'C:\Users\esharxhi\Documents\Hello world\actions-runner\_work'
[2026-08-18 08:26:22Z INFO HostContext] Well known directory 'Actions': 'C:\Users\esharxhi\Documents\Hello world\actions-runner\_work\_actions'
[2026-08-18 08:26:22Z INFO ActionManifestManagerLegacy] Loaded action.yml file: {
  "name": "Checkout",
  "description": "Checkout a Git repository at a particular version",
  "inputs": {
    "type": 2,
    "map": [
      {
        "key": {
          "type": 0,
          "file": 2,
          "line": 4,
          "col": 3,
          "lit": "repository"
        },
        "value": {
          "type": 3,
          "file": 2,
          "line": 6,
          "col": 14,
          "expr": "github.repository"
        }
      },
      {
        "key": {
          "type": 0,
          "file": 2,
          "line": 7,
          "col": 3,
          "lit": "ref"
        },
        "value": ""
      },
      {
        "key": {
          "type": 0,
          "file": 2,
          "line": 12,
          "col": 3,
          "lit": "token"
        },
        "value": {
          "type": 3,
          "file": 2,
          "line": 24,
          "col": 14,
          "expr": "github.token"
        }
      },
      {
        "key": {
          "type": 0,
          "file": 2,
          "line": 25,
          "col": 3,
          "lit": "ssh-key"
        },
        "value": ""
      },
      {
        "key": {
          "type": 0,
          "file": 2,
          "line": 37,
          "col": 3,
          "lit": "ssh-known-hosts"
        },
        "value": ""
      },
      {
        "key": {
          "type": 0,
          "file": 2,
          "line": 42,
          "col": 3,
          "lit": "ssh-strict"
        },
        "value": {
          "type": 0,
          "file": 2,
          "line": 47,
          "col": 14,
          "lit": "true"
        }
      },
      {
        "key": {
          "type": 0,
          "file": 2,
          "line": 48,
          "col": 3,
          "lit": "ssh-user"
        },
        "value": {
          "type": 0,
          "file": 2,
          "line": 51,
          "col": 14,
          "lit": "git"
        }
      },
      {
        "key": {
          "type": 0,
          "file": 2,
          "line": 52,
          "col": 3,
          "lit": "persist-credentials"
        },
        "value": {
          "type": 0,
          "file": 2,
          "line": 54,
          "col": 14,
          "lit": "true"
        }
      },
      {
        "key": {
          "type": 0,
          "file": 2,
          "line": 55,
          "col": 3,
          "lit": "path"
        },
        "value": ""
      },
      {
        "key": {
          "type": 0,
          "file": 2,
          "line": 57,
          "col": 3,
          "lit": "clean"
        },
        "value": {
          "type": 0,
          "file": 2,
          "line": 59,
          "col": 14,
          "lit": "true"
        }
      },
      {
        "key": {
          "type": 0,
          "file": 2,
          "line": 60,
          "col": 3,
          "lit": "filter"
        },
        "value": {
          "type": 0,
          "file": 2,
          "line": 64,
          "col": 14,
          "lit": ""
        }
      },
      {
        "key": {
          "type": 0,
          "file": 2,
          "line": 65,
          "col": 3,
          "lit": "sparse-checkout"
        },
        "value": {
          "type": 0,
          "file": 2,
          "line": 69,
          "col": 14,
          "lit": ""
        }
      },
      {
        "key": {
          "type": 0,
          "file": 2,
          "line": 70,
          "col": 3,
          "lit": "sparse-checkout-cone-mode"
        },
        "value": {
          "type": 0,
          "file": 2,
          "line": 73,
          "col": 14,
          "lit": "true"
        }
      },
      {
        "key": {
          "type": 0,
          "file": 2,
          "line": 74,
          "col": 3,
          "lit": "fetch-depth"
        },
        "value": {
          "type": 0,
          "file": 2,
          "line": 76,
          "col": 14,
          "lit": "1"
        }
      },
      {
        "key": {
          "type": 0,
          "file": 2,
          "line": 77,
          "col": 3,
          "lit": "fetch-tags"
        },
        "value": {
          "type": 0,
          "file": 2,
          "line": 79,
          "col": 14,
          "lit": "false"
        }
      },
      {
        "key": {
          "type": 0,
          "file": 2,
          "line": 80,
          "col": 3,
          "lit": "show-progress"
        },
        "value": {
          "type": 0,
          "file": 2,
          "line": 82,
          "col": 14,
          "lit": "true"
        }
      },
      {
        "key": {
          "type": 0,
          "file": 2,
          "line": 83,
          "col": 3,
          "lit": "lfs"
        },
        "value": {
          "type": 0,
          "file": 2,
          "line": 85,
          "col": 14,
          "lit": "false"
        }
      },
      {
        "key": {
          "type": 0,
          "file": 2,
          "line": 86,
          "col": 3,
          "lit": "submodules"
        },
        "value": {
          "type": 0,
          "file": 2,
          "line": 94,
          "col": 14,
          "lit": "false"
        }
      },
      {
        "key": {
          "type": 0,
          "file": 2,
          "line": 95,
          "col": 3,
          "lit": "set-safe-directory"
        },
        "value": {
          "type": 0,
          "file": 2,
          "line": 97,
          "col": 14,
          "lit": "true"
        }
      },
      {
        "key": {
          "type": 0,
          "file": 2,
          "line": 98,
          "col": 3,
          "lit": "github-server-url"
        },
        "value": ""
      },
      {
        "key": {
          "type": 0,
          "file": 2,
          "line": 101,
          "col": 3,
          "lit": "allow-unsafe-pr-checkout"
        },
        "value": {
          "type": 0,
          "file": 2,
          "line": 109,
          "col": 14,
          "lit": "false"
        }
      }
    ]
  },
  "execution": {
    "executionType": "nodeJS",
    "hasPre": false,
    "hasPost": true,
    "script": "dist/index.js",
    "pre": null,
    "post": "dist/index.js",
    "nodeVersion": "node20",
    "cleanupCondition": "always()",
    "initCondition": "always()"
  },
  "deprecated": null
}
[2026-08-18 08:26:22Z INFO ActionManager] Action pre node.js file: N/A.
[2026-08-18 08:26:22Z INFO ActionManager] Action node.js file: dist/index.js.
[2026-08-18 08:26:22Z INFO ActionManager] Action post node.js file: dist/index.js.
[2026-08-18 08:26:22Z INFO ExecutionContext] Reserve record order 6 to 10 for post job actions.
[2026-08-18 08:26:22Z INFO HostContext] Well known directory 'Bin': 'C:\Users\esharxhi\Documents\Hello world\actions-runner\bin'
[2026-08-18 08:26:22Z INFO HostContext] Well known directory 'Root': 'C:\Users\esharxhi\Documents\Hello world\actions-runner'
[2026-08-18 08:26:22Z INFO HostContext] Well known directory 'Diag': 'C:\Users\esharxhi\Documents\Hello world\actions-runner\_diag'
[2026-08-18 08:26:22Z INFO HostContext] Well known directory 'Bin': 'C:\Users\esharxhi\Documents\Hello world\actions-runner\bin'
[2026-08-18 08:26:22Z INFO HostContext] Well known directory 'Root': 'C:\Users\esharxhi\Documents\Hello world\actions-runner'
[2026-08-18 08:26:22Z INFO HostContext] Well known directory 'Diag': 'C:\Users\esharxhi\Documents\Hello world\actions-runner\_diag'
[2026-08-18 08:26:22Z INFO HostContext] Well known directory 'Bin': 'C:\Users\esharxhi\Documents\Hello world\actions-runner\bin'
[2026-08-18 08:26:22Z INFO HostContext] Well known directory 'Root': 'C:\Users\esharxhi\Documents\Hello world\actions-runner'
[2026-08-18 08:26:22Z INFO HostContext] Well known directory 'Work': 'C:\Users\esharxhi\Documents\Hello world\actions-runner\_work'
[2026-08-18 08:26:22Z INFO HostContext] Well known directory 'Temp': 'C:\Users\esharxhi\Documents\Hello world\actions-runner\_work\_temp'
[2026-08-18 08:26:22Z INFO ExecutionContext] Write event payload to C:\Users\esharxhi\Documents\Hello world\actions-runner\_work\_temp\_github_workflow\event.json
[2026-08-18 08:26:22Z INFO HostContext] Well known directory 'Bin': 'C:\Users\esharxhi\Documents\Hello world\actions-runner\bin'
[2026-08-18 08:26:22Z INFO HostContext] Well known directory 'Root': 'C:\Users\esharxhi\Documents\Hello world\actions-runner'
[2026-08-18 08:26:22Z INFO HostContext] Well known directory 'Work': 'C:\Users\esharxhi\Documents\Hello world\actions-runner\_work'
[2026-08-18 08:26:22Z INFO HostContext] Well known directory 'Temp': 'C:\Users\esharxhi\Documents\Hello world\actions-runner\_work\_temp'
[2026-08-18 08:26:22Z INFO ExtensionManager] Getting extensions for interface: 'GitHub.Runner.Worker.IFileCommandExtension'
[2026-08-18 08:26:22Z INFO ExtensionManager] Creating instance: GitHub.Runner.Worker.AddPathFileCommand, Runner.Worker
[2026-08-18 08:26:22Z INFO ExtensionManager] Creating instance: GitHub.Runner.Worker.SetEnvFileCommand, Runner.Worker
[2026-08-18 08:26:22Z INFO ExtensionManager] Creating instance: GitHub.Runner.Worker.CreateStepSummaryCommand, Runner.Worker
[2026-08-18 08:26:22Z INFO ExtensionManager] Creating instance: GitHub.Runner.Worker.SaveStateFileCommand, Runner.Worker
[2026-08-18 08:26:22Z INFO ExtensionManager] Creating instance: GitHub.Runner.Worker.SetOutputFileCommand, Runner.Worker
[2026-08-18 08:26:22Z INFO ExtensionManager] Creating instance: GitHub.Runner.Worker.CreateArtifactsFileCommand, Runner.Worker
[2026-08-18 08:26:22Z INFO ExtensionManager] Creating instance: GitHub.Runner.Worker.ArtifactsListFileCommand, Runner.Worker
[2026-08-18 08:26:22Z INFO ActionManifestManagerLegacy] Input 'repository': default value evaluate result: {
  "type": 0,
  "file": 2,
  "line": 6,
  "col": 14,
  "lit": "boransharxhi-oss/Helloworld-workflow"
}
[2026-08-18 08:26:22Z INFO ActionManifestManagerLegacy] Input 'ref': default value evaluate result: ""
[2026-08-18 08:26:22Z INFO ActionManifestManagerLegacy] Input 'token': default value evaluate result: {
  "type": 0,
  "file": 2,
  "line": 24,
  "col": 14,
  "lit": "***"
}
[2026-08-18 08:26:22Z INFO ActionManifestManagerLegacy] Input 'ssh-key': default value evaluate result: ""
[2026-08-18 08:26:22Z INFO ActionManifestManagerLegacy] Input 'ssh-known-hosts': default value evaluate result: ""
[2026-08-18 08:26:22Z INFO ActionManifestManagerLegacy] Input 'ssh-strict': default value evaluate result: {
  "type": 0,
  "file": 2,
  "line": 47,
  "col": 14,
  "lit": "true"
}
[2026-08-18 08:26:22Z INFO ActionManifestManagerLegacy] Input 'ssh-user': default value evaluate result: {
  "type": 0,
  "file": 2,
  "line": 51,
  "col": 14,
  "lit": "git"
}
[2026-08-18 08:26:22Z INFO ActionManifestManagerLegacy] Input 'persist-credentials': default value evaluate result: {
  "type": 0,
  "file": 2,
  "line": 54,
  "col": 14,
  "lit": "true"
}
[2026-08-18 08:26:22Z INFO ActionManifestManagerLegacy] Input 'path': default value evaluate result: ""
[2026-08-18 08:26:22Z INFO ActionManifestManagerLegacy] Input 'clean': default value evaluate result: {
  "type": 0,
  "file": 2,
  "line": 59,
  "col": 14,
  "lit": "true"
}
[2026-08-18 08:26:22Z INFO ActionManifestManagerLegacy] Input 'filter': default value evaluate result: {
  "type": 0,
  "file": 2,
  "line": 64,
  "col": 14,
  "lit": ""
}
[2026-08-18 08:26:22Z INFO ActionManifestManagerLegacy] Input 'sparse-checkout': default value evaluate result: {
  "type": 0,
  "file": 2,
  "line": 69,
  "col": 14,
  "lit": ""
}
[2026-08-18 08:26:22Z INFO ActionManifestManagerLegacy] Input 'sparse-checkout-cone-mode': default value evaluate result: {
  "type": 0,
  "file": 2,
  "line": 73,
  "col": 14,
  "lit": "true"
}
[2026-08-18 08:26:22Z INFO ActionManifestManagerLegacy] Input 'fetch-depth': default value evaluate result: {
  "type": 0,
  "file": 2,
  "line": 76,
  "col": 14,
  "lit": "1"
}
[2026-08-18 08:26:22Z INFO ActionManifestManagerLegacy] Input 'fetch-tags': default value evaluate result: {
  "type": 0,
  "file": 2,
  "line": 79,
  "col": 14,
  "lit": "false"
}
[2026-08-18 08:26:22Z INFO ActionManifestManagerLegacy] Input 'show-progress': default value evaluate result: {
  "type": 0,
  "file": 2,
  "line": 82,
  "col": 14,
  "lit": "true"
}
[2026-08-18 08:26:22Z INFO ActionManifestManagerLegacy] Input 'lfs': default value evaluate result: {
  "type": 0,
  "file": 2,
  "line": 85,
  "col": 14,
  "lit": "false"
}
[2026-08-18 08:26:22Z INFO ActionManifestManagerLegacy] Input 'submodules': default value evaluate result: {
  "type": 0,
  "file": 2,
  "line": 94,
  "col": 14,
  "lit": "false"
}
[2026-08-18 08:26:22Z INFO ActionManifestManagerLegacy] Input 'set-safe-directory': default value evaluate result: {
  "type": 0,
  "file": 2,
  "line": 97,
  "col": 14,
  "lit": "true"
}
[2026-08-18 08:26:22Z INFO ActionManifestManagerLegacy] Input 'github-server-url': default value evaluate result: ""
[2026-08-18 08:26:22Z INFO ActionManifestManagerLegacy] Input 'allow-unsafe-pr-checkout': default value evaluate result: {
  "type": 0,
  "file": 2,
  "line": 109,
  "col": 14,
  "lit": "false"
}
[2026-08-18 08:26:22Z INFO ExtensionManager] Getting extensions for interface: 'GitHub.Runner.Worker.IActionCommandExtension'
[2026-08-18 08:26:22Z INFO ExtensionManager] Creating instance: GitHub.Runner.Worker.InternalPluginSetRepoPathCommandExtension, Runner.Worker
[2026-08-18 08:26:22Z INFO ExtensionManager] Creating instance: GitHub.Runner.Worker.SetEnvCommandExtension, Runner.Worker
[2026-08-18 08:26:22Z INFO ExtensionManager] Creating instance: GitHub.Runner.Worker.SetOutputCommandExtension, Runner.Worker
[2026-08-18 08:26:22Z INFO ExtensionManager] Creating instance: GitHub.Runner.Worker.SaveStateCommandExtension, Runner.Worker
[2026-08-18 08:26:22Z INFO ExtensionManager] Creating instance: GitHub.Runner.Worker.AddPathCommandExtension, Runner.Worker
[2026-08-18 08:26:22Z INFO ExtensionManager] Creating instance: GitHub.Runner.Worker.AddMaskCommandExtension, Runner.Worker
[2026-08-18 08:26:22Z INFO ExtensionManager] Creating instance: GitHub.Runner.Worker.AddMatcherCommandExtension, Runner.Worker
[2026-08-18 08:26:22Z INFO ExtensionManager] Creating instance: GitHub.Runner.Worker.RemoveMatcherCommandExtension, Runner.Worker
[2026-08-18 08:26:22Z INFO ExtensionManager] Creating instance: GitHub.Runner.Worker.WarningCommandExtension, Runner.Worker
[2026-08-18 08:26:22Z INFO ExtensionManager] Creating instance: GitHub.Runner.Worker.ErrorCommandExtension, Runner.Worker
[2026-08-18 08:26:22Z INFO ExtensionManager] Creating instance: GitHub.Runner.Worker.NoticeCommandExtension, Runner.Worker
[2026-08-18 08:26:22Z INFO ExtensionManager] Creating instance: GitHub.Runner.Worker.DebugCommandExtension, Runner.Worker
[2026-08-18 08:26:22Z INFO ExtensionManager] Creating instance: GitHub.Runner.Worker.GroupCommandExtension, Runner.Worker
[2026-08-18 08:26:22Z INFO ExtensionManager] Creating instance: GitHub.Runner.Worker.EndGroupCommandExtension, Runner.Worker
[2026-08-18 08:26:22Z INFO ExtensionManager] Creating instance: GitHub.Runner.Worker.EchoCommandExtension, Runner.Worker
[2026-08-18 08:26:22Z INFO ActionCommandManager] Register action command extension for command internal-set-repo-path
[2026-08-18 08:26:22Z INFO ActionCommandManager] Register action command extension for command set-env
[2026-08-18 08:26:22Z INFO ActionCommandManager] Register action command extension for command set-output
[2026-08-18 08:26:22Z INFO ActionCommandManager] Register action command extension for command save-state
[2026-08-18 08:26:22Z INFO ActionCommandManager] Register action command extension for command add-path
[2026-08-18 08:26:22Z INFO ActionCommandManager] Register action command extension for command add-mask
[2026-08-18 08:26:22Z INFO ActionCommandManager] Register action command extension for command add-matcher
[2026-08-18 08:26:22Z INFO ActionCommandManager] Register action command extension for command remove-matcher
[2026-08-18 08:26:22Z INFO ActionCommandManager] Register action command extension for command warning
[2026-08-18 08:26:22Z INFO ActionCommandManager] Register action command extension for command error
[2026-08-18 08:26:22Z INFO ActionCommandManager] Register action command extension for command notice
[2026-08-18 08:26:22Z INFO ActionCommandManager] Register action command extension for command debug
[2026-08-18 08:26:22Z INFO ActionCommandManager] Register action command extension for command group
[2026-08-18 08:26:22Z INFO ActionCommandManager] Register action command extension for command endgroup
[2026-08-18 08:26:22Z INFO ActionCommandManager] Register action command extension for command echo
[2026-08-18 08:26:22Z INFO HostContext] Well known directory 'Bin': 'C:\Users\esharxhi\Documents\Hello world\actions-runner\bin'
[2026-08-18 08:26:22Z INFO HostContext] Well known directory 'Root': 'C:\Users\esharxhi\Documents\Hello world\actions-runner'
[2026-08-18 08:26:22Z INFO HostContext] Well known directory 'Externals': 'C:\Users\esharxhi\Documents\Hello world\actions-runner\externals'
[2026-08-18 08:26:22Z INFO ProcessInvokerWrapper] Starting process:
[2026-08-18 08:26:22Z INFO ProcessInvokerWrapper]   File name: 'C:\Users\esharxhi\Documents\Hello world\actions-runner\externals\node24\bin\node.exe'
[2026-08-18 08:26:22Z INFO ProcessInvokerWrapper]   Arguments: '"C:\Users\esharxhi\Documents\Hello world\actions-runner\_work\_actions\actions\checkout\v4\dist/index.js"'
[2026-08-18 08:26:22Z INFO ProcessInvokerWrapper]   Working directory: 'C:\Users\esharxhi\Documents\Hello world\actions-runner\_work\Helloworld-workflow\Helloworld-workflow'
[2026-08-18 08:26:22Z INFO ProcessInvokerWrapper]   Require exit code zero: 'False'
[2026-08-18 08:26:22Z INFO ProcessInvokerWrapper]   Encoding web name: utf-8 ; code page: '65001'
[2026-08-18 08:26:22Z INFO ProcessInvokerWrapper]   Force kill process on cancellation: 'False'
[2026-08-18 08:26:22Z INFO ProcessInvokerWrapper]   Redirected STDIN: 'False'
[2026-08-18 08:26:22Z INFO ProcessInvokerWrapper]   Persist current code page: 'True'
[2026-08-18 08:26:22Z INFO ProcessInvokerWrapper]   Keep redirected STDIN open: 'False'
[2026-08-18 08:26:22Z INFO ProcessInvokerWrapper]   High priority process: 'False'
[2026-08-18 08:26:23Z INFO JobServerQueue] Try to append 1 batches web console lines for record '767aa48b-14f6-47e2-9d44-70125c7b1ee4', success rate: 1/1.
[2026-08-18 08:26:23Z INFO ProcessInvokerWrapper] Process started with process id 11484, waiting for process exit.
[2026-08-18 08:26:23Z INFO JobServerQueue] Try to append 1 batches web console lines for record '767aa48b-14f6-47e2-9d44-70125c7b1ee4', success rate: 1/1.
[2026-08-18 08:26:23Z INFO AddMaskCommandExtension] Add new secret mask with length of 524
[2026-08-18 08:26:24Z INFO JobServerQueue] Tried to upload 1 file(s) to results, success rate: 1/1.
[2026-08-18 08:26:24Z INFO JobServerQueue] Try to append 1 batches web console lines for record '767aa48b-14f6-47e2-9d44-70125c7b1ee4', success rate: 1/1.
[2026-08-18 08:26:24Z INFO JobServerQueue] Try to append 1 batches web console lines for record '767aa48b-14f6-47e2-9d44-70125c7b1ee4', success rate: 1/1.
[2026-08-18 08:26:24Z INFO JobServerQueue] Try to append 1 batches web console lines for record '767aa48b-14f6-47e2-9d44-70125c7b1ee4', success rate: 1/1.
[2026-08-18 08:26:24Z INFO JobServerQueue] Try to append 1 batches web console lines for record '767aa48b-14f6-47e2-9d44-70125c7b1ee4', success rate: 1/1.
[2026-08-18 08:26:29Z INFO JobServerQueue] Try to append 1 batches web console lines for record '767aa48b-14f6-47e2-9d44-70125c7b1ee4', success rate: 1/1.
[2026-08-18 08:26:30Z INFO JobServerQueue] Try to append 1 batches web console lines for record '767aa48b-14f6-47e2-9d44-70125c7b1ee4', success rate: 1/1.
[2026-08-18 08:26:32Z INFO HostContext] Well known directory 'Bin': 'C:\Users\esharxhi\Documents\Hello world\actions-runner\bin'
[2026-08-18 08:26:32Z INFO HostContext] Well known directory 'Root': 'C:\Users\esharxhi\Documents\Hello world\actions-runner'
[2026-08-18 08:26:32Z INFO HostContext] Well known directory 'Work': 'C:\Users\esharxhi\Documents\Hello world\actions-runner\_work'
[2026-08-18 08:26:33Z INFO JobServerQueue] Try to append 1 batches web console lines for record '767aa48b-14f6-47e2-9d44-70125c7b1ee4', success rate: 1/1.
[2026-08-18 08:26:34Z INFO JobServerQueue] Try to append 1 batches web console lines for record '767aa48b-14f6-47e2-9d44-70125c7b1ee4', success rate: 1/1.
[2026-08-18 08:26:37Z INFO JobServerQueue] Try to append 1 batches web console lines for record '767aa48b-14f6-47e2-9d44-70125c7b1ee4', success rate: 1/1.
[2026-08-18 08:26:42Z INFO HostContext] Well known directory 'Bin': 'C:\Users\esharxhi\Documents\Hello world\actions-runner\bin'
[2026-08-18 08:26:42Z INFO HostContext] Well known directory 'Root': 'C:\Users\esharxhi\Documents\Hello world\actions-runner'
[2026-08-18 08:26:42Z INFO HostContext] Well known directory 'Work': 'C:\Users\esharxhi\Documents\Hello world\actions-runner\_work'
[2026-08-18 08:26:52Z INFO HostContext] Well known directory 'Bin': 'C:\Users\esharxhi\Documents\Hello world\actions-runner\bin'
[2026-08-18 08:26:52Z INFO HostContext] Well known directory 'Root': 'C:\Users\esharxhi\Documents\Hello world\actions-runner'
[2026-08-18 08:26:52Z INFO HostContext] Well known directory 'Work': 'C:\Users\esharxhi\Documents\Hello world\actions-runner\_work'
[2026-08-18 08:26:57Z INFO JobServerQueue] Try to append 1 batches web console lines for record '767aa48b-14f6-47e2-9d44-70125c7b1ee4', success rate: 1/1.
[2026-08-18 08:26:57Z INFO JobServerQueue] Try to append 1 batches web console lines for record '767aa48b-14f6-47e2-9d44-70125c7b1ee4', success rate: 1/1.
[2026-08-18 08:26:57Z INFO JobServerQueue] Try to append 1 batches web console lines for record '767aa48b-14f6-47e2-9d44-70125c7b1ee4', success rate: 1/1.
[2026-08-18 08:26:58Z INFO JobServerQueue] Try to append 1 batches web console lines for record '767aa48b-14f6-47e2-9d44-70125c7b1ee4', success rate: 1/1.
[2026-08-18 08:26:58Z INFO JobServerQueue] Try to append 1 batches web console lines for record '767aa48b-14f6-47e2-9d44-70125c7b1ee4', success rate: 1/1.
[2026-08-18 08:26:59Z INFO JobServerQueue] Try to append 1 batches web console lines for record '767aa48b-14f6-47e2-9d44-70125c7b1ee4', success rate: 1/1.
[2026-08-18 08:26:59Z INFO JobServerQueue] Try to append 1 batches web console lines for record '767aa48b-14f6-47e2-9d44-70125c7b1ee4', success rate: 1/1.
[2026-08-18 08:26:59Z INFO JobServerQueue] Try to append 1 batches web console lines for record '767aa48b-14f6-47e2-9d44-70125c7b1ee4', success rate: 1/1.
[2026-08-18 08:26:59Z INFO JobServerQueue] Try to append 1 batches web console lines for record '767aa48b-14f6-47e2-9d44-70125c7b1ee4', success rate: 1/1.
[2026-08-18 08:27:01Z INFO JobServerQueue] Try to append 1 batches web console lines for record '767aa48b-14f6-47e2-9d44-70125c7b1ee4', success rate: 1/1.
[2026-08-18 08:27:02Z INFO HostContext] Well known directory 'Bin': 'C:\Users\esharxhi\Documents\Hello world\actions-runner\bin'
[2026-08-18 08:27:02Z INFO HostContext] Well known directory 'Root': 'C:\Users\esharxhi\Documents\Hello world\actions-runner'
[2026-08-18 08:27:02Z INFO HostContext] Well known directory 'Work': 'C:\Users\esharxhi\Documents\Hello world\actions-runner\_work'
[2026-08-18 08:27:02Z INFO JobServerQueue] Try to append 1 batches web console lines for record '767aa48b-14f6-47e2-9d44-70125c7b1ee4', success rate: 1/1.
[2026-08-18 08:27:02Z INFO JobServerQueue] Try to append 1 batches web console lines for record '767aa48b-14f6-47e2-9d44-70125c7b1ee4', success rate: 1/1.
[2026-08-18 08:27:03Z INFO JobServerQueue] Try to append 1 batches web console lines for record '767aa48b-14f6-47e2-9d44-70125c7b1ee4', success rate: 1/1.
[2026-08-18 08:27:03Z INFO ProcessInvokerWrapper] STDOUT/STDERR stream read finished.
[2026-08-18 08:27:03Z INFO ProcessInvokerWrapper] STDOUT/STDERR stream read finished.
[2026-08-18 08:27:03Z INFO ProcessInvokerWrapper] Finished process 11484 with exit code 0, and elapsed time 00:00:40.3211574.
[2026-08-18 08:27:03Z INFO CreateStepSummaryCommand] Step Summary file (C:\Users\esharxhi\Documents\Hello world\actions-runner\_work\_temp\_runner_file_commands\step_summary_bbf74bb2-3d74-472b-a98a-6e3f81ab1e46) is empty; skipping attachment upload
[2026-08-18 08:27:03Z INFO StepsRunner] Step result: 
[2026-08-18 08:27:03Z INFO ExecutionContext] Publish step telemetry for current step {
  "action": "actions/checkout",
  "ref": "v4",
  "type": "node24",
  "stage": "Main",
  "stepId": "767aa48b-14f6-47e2-9d44-70125c7b1ee4",
  "stepContextName": "__actions_checkout",
  "hasPreStep": false,
  "hasPostStep": true,
  "result": "succeeded",
  "errorMessages": [],
  "executionTimeInSeconds": 41,
  "startTime": "2026-08-18T08:26:22.5682114Z",
  "finishTime": "2026-08-18T08:27:03.2470104Z"
}.
[2026-08-18 08:27:03Z INFO StepsRunner] No need for updating job result with current step result 'Succeeded'.
[2026-08-18 08:27:03Z INFO StepsRunner] Current state: job state = ''
[2026-08-18 08:27:03Z INFO StepsRunner] Processing step: DisplayName='Set up Docker Buildx'
[2026-08-18 08:27:03Z INFO StepsRunner] Evaluating: success()
[2026-08-18 08:27:03Z INFO StepsRunner] Result: true
[2026-08-18 08:27:03Z INFO StepsRunner] Starting the step.
[2026-08-18 08:27:03Z INFO HostContext] Well known directory 'Bin': 'C:\Users\esharxhi\Documents\Hello world\actions-runner\bin'
[2026-08-18 08:27:03Z INFO HostContext] Well known directory 'Root': 'C:\Users\esharxhi\Documents\Hello world\actions-runner'
[2026-08-18 08:27:03Z INFO HostContext] Well known directory 'Work': 'C:\Users\esharxhi\Documents\Hello world\actions-runner\_work'
[2026-08-18 08:27:03Z INFO StepsRunner] Which2: 'chcp'
[2026-08-18 08:27:03Z INFO StepsRunner] Location: 'C:\Windows\system32\chcp.COM'
[2026-08-18 08:27:03Z INFO ProcessInvokerWrapper] Starting process:
[2026-08-18 08:27:03Z INFO ProcessInvokerWrapper]   File name: 'C:\Windows\system32\chcp.COM'
[2026-08-18 08:27:03Z INFO ProcessInvokerWrapper]   Arguments: '65001'
[2026-08-18 08:27:03Z INFO ProcessInvokerWrapper]   Working directory: 'C:\Users\esharxhi\Documents\Hello world\actions-runner\_work'
[2026-08-18 08:27:03Z INFO ProcessInvokerWrapper]   Require exit code zero: 'False'
[2026-08-18 08:27:03Z INFO ProcessInvokerWrapper]   Encoding web name:  ; code page: ''
[2026-08-18 08:27:03Z INFO ProcessInvokerWrapper]   Force kill process on cancellation: 'False'
[2026-08-18 08:27:03Z INFO ProcessInvokerWrapper]   Redirected STDIN: 'False'
[2026-08-18 08:27:03Z INFO ProcessInvokerWrapper]   Persist current code page: 'True'
[2026-08-18 08:27:03Z INFO ProcessInvokerWrapper]   Keep redirected STDIN open: 'False'
[2026-08-18 08:27:03Z INFO ProcessInvokerWrapper]   High priority process: 'False'
[2026-08-18 08:27:03Z INFO ProcessInvokerWrapper] Process started with process id 9084, waiting for process exit.
[2026-08-18 08:27:03Z INFO ProcessInvokerWrapper] STDOUT/STDERR stream read finished.
[2026-08-18 08:27:03Z INFO ProcessInvokerWrapper] STDOUT/STDERR stream read finished.
[2026-08-18 08:27:03Z INFO ProcessInvokerWrapper] Finished process 9084 with exit code 0, and elapsed time 00:00:00.0572560.
[2026-08-18 08:27:03Z INFO StepsRunner] Successfully returned to code page 65001 (UTF8)
[2026-08-18 08:27:03Z INFO HostContext] Well known directory 'Bin': 'C:\Users\esharxhi\Documents\Hello world\actions-runner\bin'
[2026-08-18 08:27:03Z INFO HostContext] Well known directory 'Root': 'C:\Users\esharxhi\Documents\Hello world\actions-runner'
[2026-08-18 08:27:03Z INFO HostContext] Well known directory 'Work': 'C:\Users\esharxhi\Documents\Hello world\actions-runner\_work'
[2026-08-18 08:27:03Z INFO HostContext] Well known directory 'Actions': 'C:\Users\esharxhi\Documents\Hello world\actions-runner\_work\_actions'
[2026-08-18 08:27:03Z INFO ActionManager] Load action that reference repository from 'C:\Users\esharxhi\Documents\Hello world\actions-runner\_work\_actions\docker\setup-buildx-action\v3'
[2026-08-18 08:27:03Z INFO HostContext] Well known directory 'Bin': 'C:\Users\esharxhi\Documents\Hello world\actions-runner\bin'
[2026-08-18 08:27:03Z INFO HostContext] Well known directory 'Root': 'C:\Users\esharxhi\Documents\Hello world\actions-runner'
[2026-08-18 08:27:03Z INFO HostContext] Well known directory 'Work': 'C:\Users\esharxhi\Documents\Hello world\actions-runner\_work'
[2026-08-18 08:27:03Z INFO HostContext] Well known directory 'Actions': 'C:\Users\esharxhi\Documents\Hello world\actions-runner\_work\_actions'
[2026-08-18 08:27:03Z INFO ActionManifestManagerLegacy] Ignore action property author.
[2026-08-18 08:27:03Z INFO ActionManifestManagerLegacy] Ignore action property branding.
[2026-08-18 08:27:03Z INFO ActionManifestManagerLegacy] Loaded action.yml file: {
  "name": "Docker Setup Buildx",
  "description": "Set up Docker Buildx",
  "inputs": {
    "type": 2,
    "map": [
      {
        "key": {
          "type": 0,
          "file": 3,
          "line": 10,
          "col": 3,
          "lit": "version"
        },
        "value": ""
      },
      {
        "key": {
          "type": 0,
          "file": 3,
          "line": 13,
          "col": 3,
          "lit": "driver"
        },
        "value": {
          "type": 0,
          "file": 3,
          "line": 15,
          "col": 14,
          "lit": "docker-container"
        }
      },
      {
        "key": {
          "type": 0,
          "file": 3,
          "line": 17,
          "col": 3,
          "lit": "driver-opts"
        },
        "value": ""
      },
      {
        "key": {
          "type": 0,
          "file": 3,
          "line": 20,
          "col": 3,
          "lit": "buildkitd-flags"
        },
        "value": ""
      },
      {
        "key": {
          "type": 0,
          "file": 3,
          "line": 23,
          "col": 3,
          "lit": "buildkitd-config"
        },
        "value": ""
      },
      {
        "key": {
          "type": 0,
          "file": 3,
          "line": 26,
          "col": 3,
          "lit": "buildkitd-config-inline"
        },
        "value": ""
      },
      {
        "key": {
          "type": 0,
          "file": 3,
          "line": 29,
          "col": 3,
          "lit": "use"
        },
        "value": {
          "type": 0,
          "file": 3,
          "line": 31,
          "col": 14,
          "lit": "true"
        }
      },
      {
        "key": {
          "type": 0,
          "file": 3,
          "line": 33,
          "col": 3,
          "lit": "name"
        },
        "value": ""
      },
      {
        "key": {
          "type": 0,
          "file": 3,
          "line": 36,
          "col": 3,
          "lit": "endpoint"
        },
        "value": ""
      },
      {
        "key": {
          "type": 0,
          "file": 3,
          "line": 39,
          "col": 3,
          "lit": "platforms"
        },
        "value": ""
      },
      {
        "key": {
          "type": 0,
          "file": 3,
          "line": 42,
          "col": 3,
          "lit": "append"
        },
        "value": ""
      },
      {
        "key": {
          "type": 0,
          "file": 3,
          "line": 45,
          "col": 3,
          "lit": "keep-state"
        },
        "value": {
          "type": 0,
          "file": 3,
          "line": 47,
          "col": 14,
          "lit": "false"
        }
      },
      {
        "key": {
          "type": 0,
          "file": 3,
          "line": 49,
          "col": 3,
          "lit": "cache-binary"
        },
        "value": {
          "type": 0,
          "file": 3,
          "line": 51,
          "col": 14,
          "lit": "true"
        }
      },
      {
        "key": {
          "type": 0,
          "file": 3,
          "line": 53,
          "col": 3,
          "lit": "cleanup"
        },
        "value": {
          "type": 0,
          "file": 3,
          "line": 55,
          "col": 14,
          "lit": "true"
        }
      },
      {
        "key": {
          "type": 0,
          "file": 3,
          "line": 58,
          "col": 3,
          "lit": "config"
        },
        "value": ""
      },
      {
        "key": {
          "type": 0,
          "file": 3,
          "line": 62,
          "col": 3,
          "lit": "config-inline"
        },
        "value": ""
      },
      {
        "key": {
          "type": 0,
          "file": 3,
          "line": 66,
          "col": 3,
          "lit": "install"
        },
        "value": {
          "type": 0,
          "file": 3,
          "line": 69,
          "col": 14,
          "lit": "false"
        }
      }
    ]
  },
  "execution": {
    "executionType": "nodeJS",
    "hasPre": false,
    "hasPost": true,
    "script": "dist/index.js",
    "pre": null,
    "post": "dist/index.js",
    "nodeVersion": "node20",
    "cleanupCondition": "always()",
    "initCondition": "always()"
  },
  "deprecated": {
    "config": "Use buildkitd-config instead",
    "config-inline": "Use buildkitd-config-inline instead",
    "install": "\"docker buildx install\" command is deprecated and will be removed in a future release, use BUILDX_BUILDER environment variable instead"
  }
}
[2026-08-18 08:27:03Z INFO ActionManager] Action pre node.js file: N/A.
[2026-08-18 08:27:03Z INFO ActionManager] Action node.js file: dist/index.js.
[2026-08-18 08:27:03Z INFO ActionManager] Action post node.js file: dist/index.js.
[2026-08-18 08:27:03Z INFO HostContext] Well known directory 'Bin': 'C:\Users\esharxhi\Documents\Hello world\actions-runner\bin'
[2026-08-18 08:27:03Z INFO HostContext] Well known directory 'Root': 'C:\Users\esharxhi\Documents\Hello world\actions-runner'
[2026-08-18 08:27:03Z INFO HostContext] Well known directory 'Diag': 'C:\Users\esharxhi\Documents\Hello world\actions-runner\_diag'
[2026-08-18 08:27:03Z INFO HostContext] Well known directory 'Bin': 'C:\Users\esharxhi\Documents\Hello world\actions-runner\bin'
[2026-08-18 08:27:03Z INFO HostContext] Well known directory 'Root': 'C:\Users\esharxhi\Documents\Hello world\actions-runner'
[2026-08-18 08:27:03Z INFO HostContext] Well known directory 'Diag': 'C:\Users\esharxhi\Documents\Hello world\actions-runner\_diag'
[2026-08-18 08:27:03Z INFO HostContext] Well known directory 'Bin': 'C:\Users\esharxhi\Documents\Hello world\actions-runner\bin'
[2026-08-18 08:27:03Z INFO HostContext] Well known directory 'Root': 'C:\Users\esharxhi\Documents\Hello world\actions-runner'
[2026-08-18 08:27:03Z INFO HostContext] Well known directory 'Work': 'C:\Users\esharxhi\Documents\Hello world\actions-runner\_work'
[2026-08-18 08:27:03Z INFO HostContext] Well known directory 'Temp': 'C:\Users\esharxhi\Documents\Hello world\actions-runner\_work\_temp'
[2026-08-18 08:27:03Z INFO ExecutionContext] Write event payload to C:\Users\esharxhi\Documents\Hello world\actions-runner\_work\_temp\_github_workflow\event.json
[2026-08-18 08:27:03Z INFO HostContext] Well known directory 'Bin': 'C:\Users\esharxhi\Documents\Hello world\actions-runner\bin'
[2026-08-18 08:27:03Z INFO HostContext] Well known directory 'Root': 'C:\Users\esharxhi\Documents\Hello world\actions-runner'
[2026-08-18 08:27:03Z INFO HostContext] Well known directory 'Work': 'C:\Users\esharxhi\Documents\Hello world\actions-runner\_work'
[2026-08-18 08:27:03Z INFO HostContext] Well known directory 'Temp': 'C:\Users\esharxhi\Documents\Hello world\actions-runner\_work\_temp'
[2026-08-18 08:27:03Z INFO ExtensionManager] Getting extensions for interface: 'GitHub.Runner.Worker.IFileCommandExtension'
[2026-08-18 08:27:03Z INFO ActionManifestManagerLegacy] Input 'version': default value evaluate result: ""
[2026-08-18 08:27:03Z INFO ActionManifestManagerLegacy] Input 'driver': default value evaluate result: {
  "type": 0,
  "file": 3,
  "line": 15,
  "col": 14,
  "lit": "docker-container"
}
[2026-08-18 08:27:03Z INFO ActionManifestManagerLegacy] Input 'driver-opts': default value evaluate result: ""
[2026-08-18 08:27:03Z INFO ActionManifestManagerLegacy] Input 'buildkitd-flags': default value evaluate result: ""
[2026-08-18 08:27:03Z INFO ActionManifestManagerLegacy] Input 'buildkitd-config': default value evaluate result: ""
[2026-08-18 08:27:03Z INFO ActionManifestManagerLegacy] Input 'buildkitd-config-inline': default value evaluate result: ""
[2026-08-18 08:27:03Z INFO ActionManifestManagerLegacy] Input 'use': default value evaluate result: {
  "type": 0,
  "file": 3,
  "line": 31,
  "col": 14,
  "lit": "true"
}
[2026-08-18 08:27:03Z INFO ActionManifestManagerLegacy] Input 'name': default value evaluate result: ""
[2026-08-18 08:27:03Z INFO ActionManifestManagerLegacy] Input 'endpoint': default value evaluate result: ""
[2026-08-18 08:27:03Z INFO ActionManifestManagerLegacy] Input 'platforms': default value evaluate result: ""
[2026-08-18 08:27:03Z INFO ActionManifestManagerLegacy] Input 'append': default value evaluate result: ""
[2026-08-18 08:27:03Z INFO ActionManifestManagerLegacy] Input 'keep-state': default value evaluate result: {
  "type": 0,
  "file": 3,
  "line": 47,
  "col": 14,
  "lit": "false"
}
[2026-08-18 08:27:03Z INFO ActionManifestManagerLegacy] Input 'cache-binary': default value evaluate result: {
  "type": 0,
  "file": 3,
  "line": 51,
  "col": 14,
  "lit": "true"
}
[2026-08-18 08:27:03Z INFO ActionManifestManagerLegacy] Input 'cleanup': default value evaluate result: {
  "type": 0,
  "file": 3,
  "line": 55,
  "col": 14,
  "lit": "true"
}
[2026-08-18 08:27:03Z INFO ActionManifestManagerLegacy] Input 'config': default value evaluate result: ""
[2026-08-18 08:27:03Z INFO ActionManifestManagerLegacy] Input 'config-inline': default value evaluate result: ""
[2026-08-18 08:27:03Z INFO ActionManifestManagerLegacy] Input 'install': default value evaluate result: {
  "type": 0,
  "file": 3,
  "line": 69,
  "col": 14,
  "lit": "false"
}
[2026-08-18 08:27:03Z INFO ExtensionManager] Getting extensions for interface: 'GitHub.Runner.Worker.IActionCommandExtension'
[2026-08-18 08:27:03Z INFO ActionCommandManager] Register action command extension for command internal-set-repo-path
[2026-08-18 08:27:03Z INFO ActionCommandManager] Register action command extension for command set-env
[2026-08-18 08:27:03Z INFO ActionCommandManager] Register action command extension for command set-output
[2026-08-18 08:27:03Z INFO ActionCommandManager] Register action command extension for command save-state
[2026-08-18 08:27:03Z INFO ActionCommandManager] Register action command extension for command add-path
[2026-08-18 08:27:03Z INFO ActionCommandManager] Register action command extension for command add-mask
[2026-08-18 08:27:03Z INFO ActionCommandManager] Register action command extension for command add-matcher
[2026-08-18 08:27:03Z INFO ActionCommandManager] Register action command extension for command remove-matcher
[2026-08-18 08:27:03Z INFO ActionCommandManager] Register action command extension for command warning
[2026-08-18 08:27:03Z INFO ActionCommandManager] Register action command extension for command error
[2026-08-18 08:27:03Z INFO ActionCommandManager] Register action command extension for command notice
[2026-08-18 08:27:03Z INFO ActionCommandManager] Register action command extension for command debug
[2026-08-18 08:27:03Z INFO ActionCommandManager] Register action command extension for command group
[2026-08-18 08:27:03Z INFO ActionCommandManager] Register action command extension for command endgroup
[2026-08-18 08:27:03Z INFO ActionCommandManager] Register action command extension for command echo
[2026-08-18 08:27:03Z INFO HostContext] Well known directory 'Bin': 'C:\Users\esharxhi\Documents\Hello world\actions-runner\bin'
[2026-08-18 08:27:03Z INFO HostContext] Well known directory 'Root': 'C:\Users\esharxhi\Documents\Hello world\actions-runner'
[2026-08-18 08:27:03Z INFO HostContext] Well known directory 'Externals': 'C:\Users\esharxhi\Documents\Hello world\actions-runner\externals'
[2026-08-18 08:27:03Z INFO ProcessInvokerWrapper] Starting process:
[2026-08-18 08:27:03Z INFO ProcessInvokerWrapper]   File name: 'C:\Users\esharxhi\Documents\Hello world\actions-runner\externals\node24\bin\node.exe'
[2026-08-18 08:27:03Z INFO ProcessInvokerWrapper]   Arguments: '"C:\Users\esharxhi\Documents\Hello world\actions-runner\_work\_actions\docker\setup-buildx-action\v3\dist/index.js"'
[2026-08-18 08:27:03Z INFO ProcessInvokerWrapper]   Working directory: 'C:\Users\esharxhi\Documents\Hello world\actions-runner\_work\Helloworld-workflow\Helloworld-workflow'
[2026-08-18 08:27:03Z INFO ProcessInvokerWrapper]   Require exit code zero: 'False'
[2026-08-18 08:27:03Z INFO ProcessInvokerWrapper]   Encoding web name: utf-8 ; code page: '65001'
[2026-08-18 08:27:03Z INFO ProcessInvokerWrapper]   Force kill process on cancellation: 'False'
[2026-08-18 08:27:03Z INFO ProcessInvokerWrapper]   Redirected STDIN: 'False'
[2026-08-18 08:27:03Z INFO ProcessInvokerWrapper]   Persist current code page: 'True'
[2026-08-18 08:27:03Z INFO ProcessInvokerWrapper]   Keep redirected STDIN open: 'False'
[2026-08-18 08:27:03Z INFO ProcessInvokerWrapper]   High priority process: 'False'
[2026-08-18 08:27:03Z INFO JobServerQueue] Got a step log file to send to results service.
[2026-08-18 08:27:03Z INFO JobServerQueue] Starting upload of step log file to results service ResultsLog, C:\Users\esharxhi\Documents\Hello world\actions-runner\_diag\blocks\bbb79312-c273-4bdc-a114-6b4b1a991b91_767aa48b-14f6-47e2-9d44-70125c7b1ee4.1
[2026-08-18 08:27:03Z INFO JobServerQueue] Try to append 1 batches web console lines for record 'ad277721-4c42-435b-b859-56ae247296b3', success rate: 1/1.
[2026-08-18 08:27:03Z INFO ProcessInvokerWrapper] Process started with process id 7876, waiting for process exit.
[2026-08-18 08:27:03Z INFO JobServerQueue] Tried to upload 1 file(s) to results, success rate: 1/1.
[2026-08-18 08:27:04Z INFO JobServerQueue] Try to upload 1 log files or attachments, success rate: 1/1.
[2026-08-18 08:27:04Z INFO JobServerQueue] Try to append 1 batches web console lines for record 'ad277721-4c42-435b-b859-56ae247296b3', success rate: 1/1.
[2026-08-18 08:27:04Z INFO JobServerQueue] Try to append 1 batches web console lines for record 'ad277721-4c42-435b-b859-56ae247296b3', success rate: 1/1.
[2026-08-18 08:27:05Z INFO JobServerQueue] Try to append 1 batches web console lines for record 'ad277721-4c42-435b-b859-56ae247296b3', success rate: 1/1.
[2026-08-18 08:27:06Z INFO JobServerQueue] Try to append 1 batches web console lines for record 'ad277721-4c42-435b-b859-56ae247296b3', success rate: 1/1.
[2026-08-18 08:27:07Z INFO JobServerQueue] Try to append 1 batches web console lines for record 'ad277721-4c42-435b-b859-56ae247296b3', success rate: 1/1.
[2026-08-18 08:27:07Z INFO JobServerQueue] Try to append 1 batches web console lines for record 'ad277721-4c42-435b-b859-56ae247296b3', success rate: 1/1.
[2026-08-18 08:27:07Z INFO JobServerQueue] Try to append 1 batches web console lines for record 'ad277721-4c42-435b-b859-56ae247296b3', success rate: 1/1.
[2026-08-18 08:27:07Z INFO JobServerQueue] Try to append 1 batches web console lines for record 'ad277721-4c42-435b-b859-56ae247296b3', success rate: 1/1.
[2026-08-18 08:27:08Z INFO JobServerQueue] Try to append 1 batches web console lines for record 'ad277721-4c42-435b-b859-56ae247296b3', success rate: 1/1.
[2026-08-18 08:27:09Z INFO ProcessInvokerWrapper] STDOUT/STDERR stream read finished.
[2026-08-18 08:27:09Z INFO ProcessInvokerWrapper] STDOUT/STDERR stream read finished.
[2026-08-18 08:27:09Z INFO ProcessInvokerWrapper] Finished process 7876 with exit code 1, and elapsed time 00:00:06.3019089.
[2026-08-18 08:27:09Z INFO CreateStepSummaryCommand] Step Summary file (C:\Users\esharxhi\Documents\Hello world\actions-runner\_work\_temp\_runner_file_commands\step_summary_6431c91c-e220-4d9c-bd2c-a3063bf8c99e) is empty; skipping attachment upload
[2026-08-18 08:27:09Z INFO StepsRunner] Step result: Failed
[2026-08-18 08:27:09Z INFO ExecutionContext] Publish step telemetry for current step {
  "action": "docker/setup-buildx-action",
  "ref": "v3",
  "type": "node24",
  "stage": "Main",
  "stepId": "ad277721-4c42-435b-b859-56ae247296b3",
  "stepContextName": "__docker_setup-buildx-action",
  "hasPreStep": false,
  "hasPostStep": true,
  "result": "failed",
  "errorMessages": [
    "ERROR: failed to initialize builder builder-d654a353-775c-4ded-a70c-6228382d5e4d (builder-d654a353-775c-4ded-a70c-6228382d5e4d0): failed to connect to the docker API at npipe:////./pipe/dockerDesktopLinuxEngine; check if the path is correct and if the daem"
  ],
  "executionTimeInSeconds": 7,
  "startTime": "2026-08-18T08:27:03.249081Z",
  "finishTime": "2026-08-18T08:27:09.6718383Z"
}.
[2026-08-18 08:27:09Z INFO StepsRunner] Update job result with current step result 'Failed'.
[2026-08-18 08:27:09Z INFO StepsRunner] Current state: job state = 'Failed'
[2026-08-18 08:27:09Z INFO StepsRunner] Processing step: DisplayName='Build Docker image'
[2026-08-18 08:27:09Z INFO StepsRunner] Evaluating: success()
[2026-08-18 08:27:09Z INFO StepsRunner] Result: false
[2026-08-18 08:27:09Z INFO StepsRunner] Skipping step due to condition evaluation.
[2026-08-18 08:27:09Z INFO StepsRunner] No need for updating job result with current step result 'Skipped'.
[2026-08-18 08:27:09Z INFO StepsRunner] Current state: job state = 'Failed'
[2026-08-18 08:27:09Z INFO StepsRunner] Processing step: DisplayName='Test Docker image'
[2026-08-18 08:27:09Z INFO StepsRunner] Evaluating: success()
[2026-08-18 08:27:09Z INFO StepsRunner] Result: false
[2026-08-18 08:27:09Z INFO StepsRunner] Skipping step due to condition evaluation.
[2026-08-18 08:27:09Z INFO StepsRunner] No need for updating job result with current step result 'Skipped'.
[2026-08-18 08:27:09Z INFO StepsRunner] Current state: job state = 'Failed'
[2026-08-18 08:27:09Z INFO StepsRunner] Processing step: DisplayName='Post Set up Docker Buildx'
[2026-08-18 08:27:09Z INFO StepsRunner] Evaluating: always()
[2026-08-18 08:27:09Z INFO StepsRunner] Result: true
[2026-08-18 08:27:09Z INFO StepsRunner] Starting the step.
[2026-08-18 08:27:09Z INFO HostContext] Well known directory 'Bin': 'C:\Users\esharxhi\Documents\Hello world\actions-runner\bin'
[2026-08-18 08:27:09Z INFO HostContext] Well known directory 'Root': 'C:\Users\esharxhi\Documents\Hello world\actions-runner'
[2026-08-18 08:27:09Z INFO HostContext] Well known directory 'Work': 'C:\Users\esharxhi\Documents\Hello world\actions-runner\_work'
[2026-08-18 08:27:09Z INFO StepsRunner] Which2: 'chcp'
[2026-08-18 08:27:09Z INFO StepsRunner] Location: 'C:\Windows\system32\chcp.COM'
[2026-08-18 08:27:09Z INFO ProcessInvokerWrapper] Starting process:
[2026-08-18 08:27:09Z INFO ProcessInvokerWrapper]   File name: 'C:\Windows\system32\chcp.COM'
[2026-08-18 08:27:09Z INFO ProcessInvokerWrapper]   Arguments: '65001'
[2026-08-18 08:27:09Z INFO ProcessInvokerWrapper]   Working directory: 'C:\Users\esharxhi\Documents\Hello world\actions-runner\_work'
[2026-08-18 08:27:09Z INFO ProcessInvokerWrapper]   Require exit code zero: 'False'
[2026-08-18 08:27:09Z INFO ProcessInvokerWrapper]   Encoding web name:  ; code page: ''
[2026-08-18 08:27:09Z INFO ProcessInvokerWrapper]   Force kill process on cancellation: 'False'
[2026-08-18 08:27:09Z INFO ProcessInvokerWrapper]   Redirected STDIN: 'False'
[2026-08-18 08:27:09Z INFO ProcessInvokerWrapper]   Persist current code page: 'True'
[2026-08-18 08:27:09Z INFO ProcessInvokerWrapper]   Keep redirected STDIN open: 'False'
[2026-08-18 08:27:09Z INFO ProcessInvokerWrapper]   High priority process: 'False'
[2026-08-18 08:27:09Z INFO JobServerQueue] Try to append 1 batches web console lines for record 'ad277721-4c42-435b-b859-56ae247296b3', success rate: 1/1.
[2026-08-18 08:27:09Z INFO ProcessInvokerWrapper] Process started with process id 14252, waiting for process exit.
[2026-08-18 08:27:09Z INFO ProcessInvokerWrapper] STDOUT/STDERR stream read finished.
[2026-08-18 08:27:09Z INFO ProcessInvokerWrapper] STDOUT/STDERR stream read finished.
[2026-08-18 08:27:09Z INFO ProcessInvokerWrapper] Finished process 14252 with exit code 0, and elapsed time 00:00:00.0804376.
[2026-08-18 08:27:09Z INFO StepsRunner] Successfully returned to code page 65001 (UTF8)
[2026-08-18 08:27:09Z INFO HostContext] Well known directory 'Bin': 'C:\Users\esharxhi\Documents\Hello world\actions-runner\bin'
[2026-08-18 08:27:09Z INFO HostContext] Well known directory 'Root': 'C:\Users\esharxhi\Documents\Hello world\actions-runner'
[2026-08-18 08:27:09Z INFO HostContext] Well known directory 'Work': 'C:\Users\esharxhi\Documents\Hello world\actions-runner\_work'
[2026-08-18 08:27:09Z INFO HostContext] Well known directory 'Actions': 'C:\Users\esharxhi\Documents\Hello world\actions-runner\_work\_actions'
[2026-08-18 08:27:09Z INFO ActionManager] Load action that reference repository from 'C:\Users\esharxhi\Documents\Hello world\actions-runner\_work\_actions\docker\setup-buildx-action\v3'
[2026-08-18 08:27:09Z INFO HostContext] Well known directory 'Bin': 'C:\Users\esharxhi\Documents\Hello world\actions-runner\bin'
[2026-08-18 08:27:09Z INFO HostContext] Well known directory 'Root': 'C:\Users\esharxhi\Documents\Hello world\actions-runner'
[2026-08-18 08:27:09Z INFO HostContext] Well known directory 'Work': 'C:\Users\esharxhi\Documents\Hello world\actions-runner\_work'
[2026-08-18 08:27:09Z INFO HostContext] Well known directory 'Actions': 'C:\Users\esharxhi\Documents\Hello world\actions-runner\_work\_actions'
[2026-08-18 08:27:09Z INFO ActionManifestManagerLegacy] Ignore action property author.
[2026-08-18 08:27:09Z INFO ActionManifestManagerLegacy] Ignore action property branding.
[2026-08-18 08:27:09Z INFO ActionManifestManagerLegacy] Loaded action.yml file: {
  "name": "Docker Setup Buildx",
  "description": "Set up Docker Buildx",
  "inputs": {
    "type": 2,
    "map": [
      {
        "key": {
          "type": 0,
          "file": 3,
          "line": 10,
          "col": 3,
          "lit": "version"
        },
        "value": ""
      },
      {
        "key": {
          "type": 0,
          "file": 3,
          "line": 13,
          "col": 3,
          "lit": "driver"
        },
        "value": {
          "type": 0,
          "file": 3,
          "line": 15,
          "col": 14,
          "lit": "docker-container"
        }
      },
      {
        "key": {
          "type": 0,
          "file": 3,
          "line": 17,
          "col": 3,
          "lit": "driver-opts"
        },
        "value": ""
      },
      {
        "key": {
          "type": 0,
          "file": 3,
          "line": 20,
          "col": 3,
          "lit": "buildkitd-flags"
        },
        "value": ""
      },
      {
        "key": {
          "type": 0,
          "file": 3,
          "line": 23,
          "col": 3,
          "lit": "buildkitd-config"
        },
        "value": ""
      },
      {
        "key": {
          "type": 0,
          "file": 3,
          "line": 26,
          "col": 3,
          "lit": "buildkitd-config-inline"
        },
        "value": ""
      },
      {
        "key": {
          "type": 0,
          "file": 3,
          "line": 29,
          "col": 3,
          "lit": "use"
        },
        "value": {
          "type": 0,
          "file": 3,
          "line": 31,
          "col": 14,
          "lit": "true"
        }
      },
      {
        "key": {
          "type": 0,
          "file": 3,
          "line": 33,
          "col": 3,
          "lit": "name"
        },
        "value": ""
      },
      {
        "key": {
          "type": 0,
          "file": 3,
          "line": 36,
          "col": 3,
          "lit": "endpoint"
        },
        "value": ""
      },
      {
        "key": {
          "type": 0,
          "file": 3,
          "line": 39,
          "col": 3,
          "lit": "platforms"
        },
        "value": ""
      },
      {
        "key": {
          "type": 0,
          "file": 3,
          "line": 42,
          "col": 3,
          "lit": "append"
        },
        "value": ""
      },
      {
        "key": {
          "type": 0,
          "file": 3,
          "line": 45,
          "col": 3,
          "lit": "keep-state"
        },
        "value": {
          "type": 0,
          "file": 3,
          "line": 47,
          "col": 14,
          "lit": "false"
        }
      },
      {
        "key": {
          "type": 0,
          "file": 3,
          "line": 49,
          "col": 3,
          "lit": "cache-binary"
        },
        "value": {
          "type": 0,
          "file": 3,
          "line": 51,
          "col": 14,
          "lit": "true"
        }
      },
      {
        "key": {
          "type": 0,
          "file": 3,
          "line": 53,
          "col": 3,
          "lit": "cleanup"
        },
        "value": {
          "type": 0,
          "file": 3,
          "line": 55,
          "col": 14,
          "lit": "true"
        }
      },
      {
        "key": {
          "type": 0,
          "file": 3,
          "line": 58,
          "col": 3,
          "lit": "config"
        },
        "value": ""
      },
      {
        "key": {
          "type": 0,
          "file": 3,
          "line": 62,
          "col": 3,
          "lit": "config-inline"
        },
        "value": ""
      },
      {
        "key": {
          "type": 0,
          "file": 3,
          "line": 66,
          "col": 3,
          "lit": "install"
        },
        "value": {
          "type": 0,
          "file": 3,
          "line": 69,
          "col": 14,
          "lit": "false"
        }
      }
    ]
  },
  "execution": {
    "executionType": "nodeJS",
    "hasPre": false,
    "hasPost": true,
    "script": "dist/index.js",
    "pre": null,
    "post": "dist/index.js",
    "nodeVersion": "node20",
    "cleanupCondition": "always()",
    "initCondition": "always()"
  },
  "deprecated": {
    "config": "Use buildkitd-config instead",
    "config-inline": "Use buildkitd-config-inline instead",
    "install": "\"docker buildx install\" command is deprecated and will be removed in a future release, use BUILDX_BUILDER environment variable instead"
  }
}
[2026-08-18 08:27:09Z INFO ActionManager] Action pre node.js file: N/A.
[2026-08-18 08:27:09Z INFO ActionManager] Action node.js file: dist/index.js.
[2026-08-18 08:27:09Z INFO ActionManager] Action post node.js file: dist/index.js.
[2026-08-18 08:27:09Z INFO HostContext] Well known directory 'Bin': 'C:\Users\esharxhi\Documents\Hello world\actions-runner\bin'
[2026-08-18 08:27:09Z INFO HostContext] Well known directory 'Root': 'C:\Users\esharxhi\Documents\Hello world\actions-runner'
[2026-08-18 08:27:09Z INFO HostContext] Well known directory 'Work': 'C:\Users\esharxhi\Documents\Hello world\actions-runner\_work'
[2026-08-18 08:27:09Z INFO HostContext] Well known directory 'Temp': 'C:\Users\esharxhi\Documents\Hello world\actions-runner\_work\_temp'
[2026-08-18 08:27:09Z INFO ExecutionContext] Write event payload to C:\Users\esharxhi\Documents\Hello world\actions-runner\_work\_temp\_github_workflow\event.json
[2026-08-18 08:27:09Z INFO HostContext] Well known directory 'Bin': 'C:\Users\esharxhi\Documents\Hello world\actions-runner\bin'
[2026-08-18 08:27:09Z INFO HostContext] Well known directory 'Root': 'C:\Users\esharxhi\Documents\Hello world\actions-runner'
[2026-08-18 08:27:09Z INFO HostContext] Well known directory 'Work': 'C:\Users\esharxhi\Documents\Hello world\actions-runner\_work'
[2026-08-18 08:27:09Z INFO HostContext] Well known directory 'Temp': 'C:\Users\esharxhi\Documents\Hello world\actions-runner\_work\_temp'
[2026-08-18 08:27:09Z INFO ExtensionManager] Getting extensions for interface: 'GitHub.Runner.Worker.IFileCommandExtension'
[2026-08-18 08:27:09Z INFO ActionManifestManagerLegacy] Input 'version': default value evaluate result: ""
[2026-08-18 08:27:09Z INFO ActionManifestManagerLegacy] Input 'driver': default value evaluate result: {
  "type": 0,
  "file": 3,
  "line": 15,
  "col": 14,
  "lit": "docker-container"
}
[2026-08-18 08:27:09Z INFO ActionManifestManagerLegacy] Input 'driver-opts': default value evaluate result: ""
[2026-08-18 08:27:09Z INFO ActionManifestManagerLegacy] Input 'buildkitd-flags': default value evaluate result: ""
[2026-08-18 08:27:09Z INFO ActionManifestManagerLegacy] Input 'buildkitd-config': default value evaluate result: ""
[2026-08-18 08:27:09Z INFO ActionManifestManagerLegacy] Input 'buildkitd-config-inline': default value evaluate result: ""
[2026-08-18 08:27:09Z INFO ActionManifestManagerLegacy] Input 'use': default value evaluate result: {
  "type": 0,
  "file": 3,
  "line": 31,
  "col": 14,
  "lit": "true"
}
[2026-08-18 08:27:09Z INFO ActionManifestManagerLegacy] Input 'name': default value evaluate result: ""
[2026-08-18 08:27:09Z INFO ActionManifestManagerLegacy] Input 'endpoint': default value evaluate result: ""
[2026-08-18 08:27:09Z INFO ActionManifestManagerLegacy] Input 'platforms': default value evaluate result: ""
[2026-08-18 08:27:09Z INFO ActionManifestManagerLegacy] Input 'append': default value evaluate result: ""
[2026-08-18 08:27:09Z INFO ActionManifestManagerLegacy] Input 'keep-state': default value evaluate result: {
  "type": 0,
  "file": 3,
  "line": 47,
  "col": 14,
  "lit": "false"
}
[2026-08-18 08:27:09Z INFO ActionManifestManagerLegacy] Input 'cache-binary': default value evaluate result: {
  "type": 0,
  "file": 3,
  "line": 51,
  "col": 14,
  "lit": "true"
}
[2026-08-18 08:27:09Z INFO ActionManifestManagerLegacy] Input 'cleanup': default value evaluate result: {
  "type": 0,
  "file": 3,
  "line": 55,
  "col": 14,
  "lit": "true"
}
[2026-08-18 08:27:09Z INFO ActionManifestManagerLegacy] Input 'config': default value evaluate result: ""
[2026-08-18 08:27:09Z INFO ActionManifestManagerLegacy] Input 'config-inline': default value evaluate result: ""
[2026-08-18 08:27:09Z INFO ActionManifestManagerLegacy] Input 'install': default value evaluate result: {
  "type": 0,
  "file": 3,
  "line": 69,
  "col": 14,
  "lit": "false"
}
[2026-08-18 08:27:09Z INFO ExtensionManager] Getting extensions for interface: 'GitHub.Runner.Worker.IActionCommandExtension'
[2026-08-18 08:27:09Z INFO ActionCommandManager] Register action command extension for command internal-set-repo-path
[2026-08-18 08:27:09Z INFO ActionCommandManager] Register action command extension for command set-env
[2026-08-18 08:27:09Z INFO ActionCommandManager] Register action command extension for command set-output
[2026-08-18 08:27:09Z INFO ActionCommandManager] Register action command extension for command save-state
[2026-08-18 08:27:09Z INFO ActionCommandManager] Register action command extension for command add-path
[2026-08-18 08:27:09Z INFO ActionCommandManager] Register action command extension for command add-mask
[2026-08-18 08:27:09Z INFO ActionCommandManager] Register action command extension for command add-matcher
[2026-08-18 08:27:09Z INFO ActionCommandManager] Register action command extension for command remove-matcher
[2026-08-18 08:27:09Z INFO ActionCommandManager] Register action command extension for command warning
[2026-08-18 08:27:09Z INFO ActionCommandManager] Register action command extension for command error
[2026-08-18 08:27:09Z INFO ActionCommandManager] Register action command extension for command notice
[2026-08-18 08:27:09Z INFO ActionCommandManager] Register action command extension for command debug
[2026-08-18 08:27:09Z INFO ActionCommandManager] Register action command extension for command group
[2026-08-18 08:27:09Z INFO ActionCommandManager] Register action command extension for command endgroup
[2026-08-18 08:27:09Z INFO ActionCommandManager] Register action command extension for command echo
[2026-08-18 08:27:09Z INFO HostContext] Well known directory 'Bin': 'C:\Users\esharxhi\Documents\Hello world\actions-runner\bin'
[2026-08-18 08:27:09Z INFO HostContext] Well known directory 'Root': 'C:\Users\esharxhi\Documents\Hello world\actions-runner'
[2026-08-18 08:27:09Z INFO HostContext] Well known directory 'Externals': 'C:\Users\esharxhi\Documents\Hello world\actions-runner\externals'
[2026-08-18 08:27:09Z INFO ProcessInvokerWrapper] Starting process:
[2026-08-18 08:27:09Z INFO ProcessInvokerWrapper]   File name: 'C:\Users\esharxhi\Documents\Hello world\actions-runner\externals\node24\bin\node.exe'
[2026-08-18 08:27:09Z INFO ProcessInvokerWrapper]   Arguments: '"C:\Users\esharxhi\Documents\Hello world\actions-runner\_work\_actions\docker\setup-buildx-action\v3\dist/index.js"'
[2026-08-18 08:27:09Z INFO ProcessInvokerWrapper]   Working directory: 'C:\Users\esharxhi\Documents\Hello world\actions-runner\_work\Helloworld-workflow\Helloworld-workflow'
[2026-08-18 08:27:09Z INFO ProcessInvokerWrapper]   Require exit code zero: 'False'
[2026-08-18 08:27:09Z INFO ProcessInvokerWrapper]   Encoding web name: utf-8 ; code page: '65001'
[2026-08-18 08:27:09Z INFO ProcessInvokerWrapper]   Force kill process on cancellation: 'False'
[2026-08-18 08:27:09Z INFO ProcessInvokerWrapper]   Redirected STDIN: 'False'
[2026-08-18 08:27:09Z INFO ProcessInvokerWrapper]   Persist current code page: 'True'
[2026-08-18 08:27:09Z INFO ProcessInvokerWrapper]   Keep redirected STDIN open: 'False'
[2026-08-18 08:27:09Z INFO ProcessInvokerWrapper]   High priority process: 'False'
[2026-08-18 08:27:09Z INFO ProcessInvokerWrapper] Process started with process id 18648, waiting for process exit.
[2026-08-18 08:27:09Z INFO JobServerQueue] Got a step log file to send to results service.
[2026-08-18 08:27:09Z INFO JobServerQueue] Starting upload of step log file to results service ResultsLog, C:\Users\esharxhi\Documents\Hello world\actions-runner\_diag\blocks\bbb79312-c273-4bdc-a114-6b4b1a991b91_ad277721-4c42-435b-b859-56ae247296b3.1
[2026-08-18 08:27:09Z INFO JobServerQueue] Try to append 1 batches web console lines for record '19ece87a-ac74-4b72-beca-aaa87107716b', success rate: 1/1.
[2026-08-18 08:27:10Z INFO JobServerQueue] Try to upload 1 log files or attachments, success rate: 1/1.
[2026-08-18 08:27:10Z INFO JobServerQueue] Tried to upload 1 file(s) to results, success rate: 1/1.
[2026-08-18 08:27:10Z INFO JobServerQueue] Try to append 1 batches web console lines for record '19ece87a-ac74-4b72-beca-aaa87107716b', success rate: 1/1.
[2026-08-18 08:27:11Z INFO ProcessInvokerWrapper] STDOUT/STDERR stream read finished.
[2026-08-18 08:27:11Z INFO JobServerQueue] Try to append 1 batches web console lines for record '19ece87a-ac74-4b72-beca-aaa87107716b', success rate: 1/1.
[2026-08-18 08:27:11Z INFO ProcessInvokerWrapper] STDOUT/STDERR stream read finished.
[2026-08-18 08:27:11Z INFO ProcessInvokerWrapper] Finished process 18648 with exit code 0, and elapsed time 00:00:01.7409255.
[2026-08-18 08:27:11Z INFO CreateStepSummaryCommand] Step Summary file (C:\Users\esharxhi\Documents\Hello world\actions-runner\_work\_temp\_runner_file_commands\step_summary_e2f929a1-d9ad-4dd3-bcc6-12484627e18e) is empty; skipping attachment upload
[2026-08-18 08:27:11Z INFO StepsRunner] Step result: 
[2026-08-18 08:27:11Z INFO ExecutionContext] Publish step telemetry for current step {
  "action": "docker/setup-buildx-action",
  "ref": "v3",
  "type": "node24",
  "stage": "Post",
  "stepId": "19ece87a-ac74-4b72-beca-aaa87107716b",
  "result": "succeeded",
  "errorMessages": [],
  "executionTimeInSeconds": 2,
  "startTime": "2026-08-18T08:27:09.6836169Z",
  "finishTime": "2026-08-18T08:27:11.6043169Z"
}.
[2026-08-18 08:27:11Z INFO StepsRunner] No need for updating job result with current step result 'Succeeded'.
[2026-08-18 08:27:11Z INFO StepsRunner] Current state: job state = 'Failed'
[2026-08-18 08:27:11Z INFO StepsRunner] Processing step: DisplayName='Post Checkout code'
[2026-08-18 08:27:11Z INFO StepsRunner] Evaluating: always()
[2026-08-18 08:27:11Z INFO StepsRunner] Result: true
[2026-08-18 08:27:11Z INFO StepsRunner] Starting the step.
[2026-08-18 08:27:11Z INFO HostContext] Well known directory 'Bin': 'C:\Users\esharxhi\Documents\Hello world\actions-runner\bin'
[2026-08-18 08:27:11Z INFO HostContext] Well known directory 'Root': 'C:\Users\esharxhi\Documents\Hello world\actions-runner'
[2026-08-18 08:27:11Z INFO HostContext] Well known directory 'Work': 'C:\Users\esharxhi\Documents\Hello world\actions-runner\_work'
[2026-08-18 08:27:11Z INFO StepsRunner] Which2: 'chcp'
[2026-08-18 08:27:11Z INFO StepsRunner] Location: 'C:\Windows\system32\chcp.COM'
[2026-08-18 08:27:11Z INFO ProcessInvokerWrapper] Starting process:
[2026-08-18 08:27:11Z INFO ProcessInvokerWrapper]   File name: 'C:\Windows\system32\chcp.COM'
[2026-08-18 08:27:11Z INFO ProcessInvokerWrapper]   Arguments: '65001'
[2026-08-18 08:27:11Z INFO ProcessInvokerWrapper]   Working directory: 'C:\Users\esharxhi\Documents\Hello world\actions-runner\_work'
[2026-08-18 08:27:11Z INFO ProcessInvokerWrapper]   Require exit code zero: 'False'
[2026-08-18 08:27:11Z INFO ProcessInvokerWrapper]   Encoding web name:  ; code page: ''
[2026-08-18 08:27:11Z INFO ProcessInvokerWrapper]   Force kill process on cancellation: 'False'
[2026-08-18 08:27:11Z INFO ProcessInvokerWrapper]   Redirected STDIN: 'False'
[2026-08-18 08:27:11Z INFO ProcessInvokerWrapper]   Persist current code page: 'True'
[2026-08-18 08:27:11Z INFO ProcessInvokerWrapper]   Keep redirected STDIN open: 'False'
[2026-08-18 08:27:11Z INFO ProcessInvokerWrapper]   High priority process: 'False'
[2026-08-18 08:27:11Z INFO ProcessInvokerWrapper] Process started with process id 13136, waiting for process exit.
[2026-08-18 08:27:11Z INFO ProcessInvokerWrapper] STDOUT/STDERR stream read finished.
[2026-08-18 08:27:11Z INFO ProcessInvokerWrapper] STDOUT/STDERR stream read finished.
[2026-08-18 08:27:11Z INFO ProcessInvokerWrapper] Finished process 13136 with exit code 0, and elapsed time 00:00:00.1231847.
[2026-08-18 08:27:11Z INFO StepsRunner] Successfully returned to code page 65001 (UTF8)
[2026-08-18 08:27:11Z INFO HostContext] Well known directory 'Bin': 'C:\Users\esharxhi\Documents\Hello world\actions-runner\bin'
[2026-08-18 08:27:11Z INFO HostContext] Well known directory 'Root': 'C:\Users\esharxhi\Documents\Hello world\actions-runner'
[2026-08-18 08:27:11Z INFO HostContext] Well known directory 'Work': 'C:\Users\esharxhi\Documents\Hello world\actions-runner\_work'
[2026-08-18 08:27:11Z INFO HostContext] Well known directory 'Actions': 'C:\Users\esharxhi\Documents\Hello world\actions-runner\_work\_actions'
[2026-08-18 08:27:11Z INFO ActionManager] Load action that reference repository from 'C:\Users\esharxhi\Documents\Hello world\actions-runner\_work\_actions\actions\checkout\v4'
[2026-08-18 08:27:11Z INFO HostContext] Well known directory 'Bin': 'C:\Users\esharxhi\Documents\Hello world\actions-runner\bin'
[2026-08-18 08:27:11Z INFO HostContext] Well known directory 'Root': 'C:\Users\esharxhi\Documents\Hello world\actions-runner'
[2026-08-18 08:27:11Z INFO HostContext] Well known directory 'Work': 'C:\Users\esharxhi\Documents\Hello world\actions-runner\_work'
[2026-08-18 08:27:11Z INFO HostContext] Well known directory 'Actions': 'C:\Users\esharxhi\Documents\Hello world\actions-runner\_work\_actions'
[2026-08-18 08:27:11Z INFO ActionManifestManagerLegacy] Loaded action.yml file: {
  "name": "Checkout",
  "description": "Checkout a Git repository at a particular version",
  "inputs": {
    "type": 2,
    "map": [
      {
        "key": {
          "type": 0,
          "file": 2,
          "line": 4,
          "col": 3,
          "lit": "repository"
        },
        "value": {
          "type": 3,
          "file": 2,
          "line": 6,
          "col": 14,
          "expr": "github.repository"
        }
      },
      {
        "key": {
          "type": 0,
          "file": 2,
          "line": 7,
          "col": 3,
          "lit": "ref"
        },
        "value": ""
      },
      {
        "key": {
          "type": 0,
          "file": 2,
          "line": 12,
          "col": 3,
          "lit": "token"
        },
        "value": {
          "type": 3,
          "file": 2,
          "line": 24,
          "col": 14,
          "expr": "github.token"
        }
      },
      {
        "key": {
          "type": 0,
          "file": 2,
          "line": 25,
          "col": 3,
          "lit": "ssh-key"
        },
        "value": ""
      },
      {
        "key": {
          "type": 0,
          "file": 2,
          "line": 37,
          "col": 3,
          "lit": "ssh-known-hosts"
        },
        "value": ""
      },
      {
        "key": {
          "type": 0,
          "file": 2,
          "line": 42,
          "col": 3,
          "lit": "ssh-strict"
        },
        "value": {
          "type": 0,
          "file": 2,
          "line": 47,
          "col": 14,
          "lit": "true"
        }
      },
      {
        "key": {
          "type": 0,
          "file": 2,
          "line": 48,
          "col": 3,
          "lit": "ssh-user"
        },
        "value": {
          "type": 0,
          "file": 2,
          "line": 51,
          "col": 14,
          "lit": "git"
        }
      },
      {
        "key": {
          "type": 0,
          "file": 2,
          "line": 52,
          "col": 3,
          "lit": "persist-credentials"
        },
        "value": {
          "type": 0,
          "file": 2,
          "line": 54,
          "col": 14,
          "lit": "true"
        }
      },
      {
        "key": {
          "type": 0,
          "file": 2,
          "line": 55,
          "col": 3,
          "lit": "path"
        },
        "value": ""
      },
      {
        "key": {
          "type": 0,
          "file": 2,
          "line": 57,
          "col": 3,
          "lit": "clean"
        },
        "value": {
          "type": 0,
          "file": 2,
          "line": 59,
          "col": 14,
          "lit": "true"
        }
      },
      {
        "key": {
          "type": 0,
          "file": 2,
          "line": 60,
          "col": 3,
          "lit": "filter"
        },
        "value": {
          "type": 0,
          "file": 2,
          "line": 64,
          "col": 14,
          "lit": ""
        }
      },
      {
        "key": {
          "type": 0,
          "file": 2,
          "line": 65,
          "col": 3,
          "lit": "sparse-checkout"
        },
        "value": {
          "type": 0,
          "file": 2,
          "line": 69,
          "col": 14,
          "lit": ""
        }
      },
      {
        "key": {
          "type": 0,
          "file": 2,
          "line": 70,
          "col": 3,
          "lit": "sparse-checkout-cone-mode"
        },
        "value": {
          "type": 0,
          "file": 2,
          "line": 73,
          "col": 14,
          "lit": "true"
        }
      },
      {
        "key": {
          "type": 0,
          "file": 2,
          "line": 74,
          "col": 3,
          "lit": "fetch-depth"
        },
        "value": {
          "type": 0,
          "file": 2,
          "line": 76,
          "col": 14,
          "lit": "1"
        }
      },
      {
        "key": {
          "type": 0,
          "file": 2,
          "line": 77,
          "col": 3,
          "lit": "fetch-tags"
        },
        "value": {
          "type": 0,
          "file": 2,
          "line": 79,
          "col": 14,
          "lit": "false"
        }
      },
      {
        "key": {
          "type": 0,
          "file": 2,
          "line": 80,
          "col": 3,
          "lit": "show-progress"
        },
        "value": {
          "type": 0,
          "file": 2,
          "line": 82,
          "col": 14,
          "lit": "true"
        }
      },
      {
        "key": {
          "type": 0,
          "file": 2,
          "line": 83,
          "col": 3,
          "lit": "lfs"
        },
        "value": {
          "type": 0,
          "file": 2,
          "line": 85,
          "col": 14,
          "lit": "false"
        }
      },
      {
        "key": {
          "type": 0,
          "file": 2,
          "line": 86,
          "col": 3,
          "lit": "submodules"
        },
        "value": {
          "type": 0,
          "file": 2,
          "line": 94,
          "col": 14,
          "lit": "false"
        }
      },
      {
        "key": {
          "type": 0,
          "file": 2,
          "line": 95,
          "col": 3,
          "lit": "set-safe-directory"
        },
        "value": {
          "type": 0,
          "file": 2,
          "line": 97,
          "col": 14,
          "lit": "true"
        }
      },
      {
        "key": {
          "type": 0,
          "file": 2,
          "line": 98,
          "col": 3,
          "lit": "github-server-url"
        },
        "value": ""
      },
      {
        "key": {
          "type": 0,
          "file": 2,
          "line": 101,
          "col": 3,
          "lit": "allow-unsafe-pr-checkout"
        },
        "value": {
          "type": 0,
          "file": 2,
          "line": 109,
          "col": 14,
          "lit": "false"
        }
      }
    ]
  },
  "execution": {
    "executionType": "nodeJS",
    "hasPre": false,
    "hasPost": true,
    "script": "dist/index.js",
    "pre": null,
    "post": "dist/index.js",
    "nodeVersion": "node20",
    "cleanupCondition": "always()",
    "initCondition": "always()"
  },
  "deprecated": null
}
[2026-08-18 08:27:11Z INFO ActionManager] Action pre node.js file: N/A.
[2026-08-18 08:27:11Z INFO ActionManager] Action node.js file: dist/index.js.
[2026-08-18 08:27:11Z INFO ActionManager] Action post node.js file: dist/index.js.
[2026-08-18 08:27:11Z INFO HostContext] Well known directory 'Bin': 'C:\Users\esharxhi\Documents\Hello world\actions-runner\bin'
[2026-08-18 08:27:11Z INFO HostContext] Well known directory 'Root': 'C:\Users\esharxhi\Documents\Hello world\actions-runner'
[2026-08-18 08:27:11Z INFO HostContext] Well known directory 'Work': 'C:\Users\esharxhi\Documents\Hello world\actions-runner\_work'
[2026-08-18 08:27:11Z INFO HostContext] Well known directory 'Temp': 'C:\Users\esharxhi\Documents\Hello world\actions-runner\_work\_temp'
[2026-08-18 08:27:11Z INFO ExecutionContext] Write event payload to C:\Users\esharxhi\Documents\Hello world\actions-runner\_work\_temp\_github_workflow\event.json
[2026-08-18 08:27:11Z INFO HostContext] Well known directory 'Bin': 'C:\Users\esharxhi\Documents\Hello world\actions-runner\bin'
[2026-08-18 08:27:11Z INFO HostContext] Well known directory 'Root': 'C:\Users\esharxhi\Documents\Hello world\actions-runner'
[2026-08-18 08:27:11Z INFO HostContext] Well known directory 'Work': 'C:\Users\esharxhi\Documents\Hello world\actions-runner\_work'
[2026-08-18 08:27:11Z INFO HostContext] Well known directory 'Temp': 'C:\Users\esharxhi\Documents\Hello world\actions-runner\_work\_temp'
[2026-08-18 08:27:11Z INFO ExtensionManager] Getting extensions for interface: 'GitHub.Runner.Worker.IFileCommandExtension'
[2026-08-18 08:27:11Z INFO ActionManifestManagerLegacy] Input 'repository': default value evaluate result: {
  "type": 0,
  "file": 2,
  "line": 6,
  "col": 14,
  "lit": "boransharxhi-oss/Helloworld-workflow"
}
[2026-08-18 08:27:11Z INFO ActionManifestManagerLegacy] Input 'ref': default value evaluate result: ""
[2026-08-18 08:27:11Z INFO ActionManifestManagerLegacy] Input 'token': default value evaluate result: {
  "type": 0,
  "file": 2,
  "line": 24,
  "col": 14,
  "lit": "***"
}
[2026-08-18 08:27:11Z INFO ActionManifestManagerLegacy] Input 'ssh-key': default value evaluate result: ""
[2026-08-18 08:27:11Z INFO ActionManifestManagerLegacy] Input 'ssh-known-hosts': default value evaluate result: ""
[2026-08-18 08:27:11Z INFO ActionManifestManagerLegacy] Input 'ssh-strict': default value evaluate result: {
  "type": 0,
  "file": 2,
  "line": 47,
  "col": 14,
  "lit": "true"
}
[2026-08-18 08:27:11Z INFO ActionManifestManagerLegacy] Input 'ssh-user': default value evaluate result: {
  "type": 0,
  "file": 2,
  "line": 51,
  "col": 14,
  "lit": "git"
}
[2026-08-18 08:27:11Z INFO ActionManifestManagerLegacy] Input 'persist-credentials': default value evaluate result: {
  "type": 0,
  "file": 2,
  "line": 54,
  "col": 14,
  "lit": "true"
}
[2026-08-18 08:27:11Z INFO ActionManifestManagerLegacy] Input 'path': default value evaluate result: ""
[2026-08-18 08:27:11Z INFO ActionManifestManagerLegacy] Input 'clean': default value evaluate result: {
  "type": 0,
  "file": 2,
  "line": 59,
  "col": 14,
  "lit": "true"
}
[2026-08-18 08:27:11Z INFO ActionManifestManagerLegacy] Input 'filter': default value evaluate result: {
  "type": 0,
  "file": 2,
  "line": 64,
  "col": 14,
  "lit": ""
}
[2026-08-18 08:27:11Z INFO ActionManifestManagerLegacy] Input 'sparse-checkout': default value evaluate result: {
  "type": 0,
  "file": 2,
  "line": 69,
  "col": 14,
  "lit": ""
}
[2026-08-18 08:27:11Z INFO ActionManifestManagerLegacy] Input 'sparse-checkout-cone-mode': default value evaluate result: {
  "type": 0,
  "file": 2,
  "line": 73,
  "col": 14,
  "lit": "true"
}
[2026-08-18 08:27:11Z INFO ActionManifestManagerLegacy] Input 'fetch-depth': default value evaluate result: {
  "type": 0,
  "file": 2,
  "line": 76,
  "col": 14,
  "lit": "1"
}
[2026-08-18 08:27:11Z INFO ActionManifestManagerLegacy] Input 'fetch-tags': default value evaluate result: {
  "type": 0,
  "file": 2,
  "line": 79,
  "col": 14,
  "lit": "false"
}
[2026-08-18 08:27:11Z INFO ActionManifestManagerLegacy] Input 'show-progress': default value evaluate result: {
  "type": 0,
  "file": 2,
  "line": 82,
  "col": 14,
  "lit": "true"
}
[2026-08-18 08:27:11Z INFO ActionManifestManagerLegacy] Input 'lfs': default value evaluate result: {
  "type": 0,
  "file": 2,
  "line": 85,
  "col": 14,
  "lit": "false"
}
[2026-08-18 08:27:11Z INFO ActionManifestManagerLegacy] Input 'submodules': default value evaluate result: {
  "type": 0,
  "file": 2,
  "line": 94,
  "col": 14,
  "lit": "false"
}
[2026-08-18 08:27:11Z INFO ActionManifestManagerLegacy] Input 'set-safe-directory': default value evaluate result: {
  "type": 0,
  "file": 2,
  "line": 97,
  "col": 14,
  "lit": "true"
}
[2026-08-18 08:27:11Z INFO ActionManifestManagerLegacy] Input 'github-server-url': default value evaluate result: ""
[2026-08-18 08:27:11Z INFO ActionManifestManagerLegacy] Input 'allow-unsafe-pr-checkout': default value evaluate result: {
  "type": 0,
  "file": 2,
  "line": 109,
  "col": 14,
  "lit": "false"
}
[2026-08-18 08:27:11Z INFO ExtensionManager] Getting extensions for interface: 'GitHub.Runner.Worker.IActionCommandExtension'
[2026-08-18 08:27:11Z INFO ActionCommandManager] Register action command extension for command internal-set-repo-path
[2026-08-18 08:27:11Z INFO ActionCommandManager] Register action command extension for command set-env
[2026-08-18 08:27:11Z INFO ActionCommandManager] Register action command extension for command set-output
[2026-08-18 08:27:11Z INFO ActionCommandManager] Register action command extension for command save-state
[2026-08-18 08:27:11Z INFO ActionCommandManager] Register action command extension for command add-path
[2026-08-18 08:27:11Z INFO ActionCommandManager] Register action command extension for command add-mask
[2026-08-18 08:27:11Z INFO ActionCommandManager] Register action command extension for command add-matcher
[2026-08-18 08:27:11Z INFO ActionCommandManager] Register action command extension for command remove-matcher
[2026-08-18 08:27:11Z INFO ActionCommandManager] Register action command extension for command warning
[2026-08-18 08:27:11Z INFO ActionCommandManager] Register action command extension for command error
[2026-08-18 08:27:11Z INFO ActionCommandManager] Register action command extension for command notice
[2026-08-18 08:27:11Z INFO ActionCommandManager] Register action command extension for command debug
[2026-08-18 08:27:11Z INFO ActionCommandManager] Register action command extension for command group
[2026-08-18 08:27:11Z INFO ActionCommandManager] Register action command extension for command endgroup
[2026-08-18 08:27:11Z INFO ActionCommandManager] Register action command extension for command echo
[2026-08-18 08:27:11Z INFO HostContext] Well known directory 'Bin': 'C:\Users\esharxhi\Documents\Hello world\actions-runner\bin'
[2026-08-18 08:27:11Z INFO HostContext] Well known directory 'Root': 'C:\Users\esharxhi\Documents\Hello world\actions-runner'
[2026-08-18 08:27:11Z INFO HostContext] Well known directory 'Externals': 'C:\Users\esharxhi\Documents\Hello world\actions-runner\externals'
[2026-08-18 08:27:11Z INFO ProcessInvokerWrapper] Starting process:
[2026-08-18 08:27:11Z INFO ProcessInvokerWrapper]   File name: 'C:\Users\esharxhi\Documents\Hello world\actions-runner\externals\node24\bin\node.exe'
[2026-08-18 08:27:11Z INFO ProcessInvokerWrapper]   Arguments: '"C:\Users\esharxhi\Documents\Hello world\actions-runner\_work\_actions\actions\checkout\v4\dist/index.js"'
[2026-08-18 08:27:11Z INFO ProcessInvokerWrapper]   Working directory: 'C:\Users\esharxhi\Documents\Hello world\actions-runner\_work\Helloworld-workflow\Helloworld-workflow'
[2026-08-18 08:27:11Z INFO ProcessInvokerWrapper]   Require exit code zero: 'False'
[2026-08-18 08:27:11Z INFO ProcessInvokerWrapper]   Encoding web name: utf-8 ; code page: '65001'
[2026-08-18 08:27:11Z INFO ProcessInvokerWrapper]   Force kill process on cancellation: 'False'
[2026-08-18 08:27:11Z INFO ProcessInvokerWrapper]   Redirected STDIN: 'False'
[2026-08-18 08:27:11Z INFO ProcessInvokerWrapper]   Persist current code page: 'True'
[2026-08-18 08:27:11Z INFO ProcessInvokerWrapper]   Keep redirected STDIN open: 'False'
[2026-08-18 08:27:11Z INFO ProcessInvokerWrapper]   High priority process: 'False'
[2026-08-18 08:27:11Z INFO ProcessInvokerWrapper] Process started with process id 16184, waiting for process exit.
[2026-08-18 08:27:12Z INFO JobServerQueue] Try to append 1 batches web console lines for record '438538db-e604-4ec8-9bc8-1228bc71dbe6', success rate: 1/1.
[2026-08-18 08:27:12Z INFO JobServerQueue] Try to upload 1 log files or attachments, success rate: 1/1.
[2026-08-18 08:27:12Z INFO AddMaskCommandExtension] Add new secret mask with length of 32
[2026-08-18 08:27:12Z INFO JobServerQueue] Try to append 1 batches web console lines for record '438538db-e604-4ec8-9bc8-1228bc71dbe6', success rate: 1/1.
[2026-08-18 08:27:12Z INFO JobServerQueue] Got a step log file to send to results service.
[2026-08-18 08:27:12Z INFO JobServerQueue] Starting upload of step log file to results service ResultsLog, C:\Users\esharxhi\Documents\Hello world\actions-runner\_diag\blocks\bbb79312-c273-4bdc-a114-6b4b1a991b91_19ece87a-ac74-4b72-beca-aaa87107716b.1
[2026-08-18 08:27:12Z INFO JobServerQueue] Try to append 1 batches web console lines for record '438538db-e604-4ec8-9bc8-1228bc71dbe6', success rate: 1/1.
[2026-08-18 08:27:12Z INFO HostContext] Well known directory 'Bin': 'C:\Users\esharxhi\Documents\Hello world\actions-runner\bin'
[2026-08-18 08:27:12Z INFO HostContext] Well known directory 'Root': 'C:\Users\esharxhi\Documents\Hello world\actions-runner'
[2026-08-18 08:27:12Z INFO HostContext] Well known directory 'Work': 'C:\Users\esharxhi\Documents\Hello world\actions-runner\_work'
[2026-08-18 08:27:12Z INFO JobServerQueue] Try to append 1 batches web console lines for record '438538db-e604-4ec8-9bc8-1228bc71dbe6', success rate: 1/1.
[2026-08-18 08:27:12Z INFO JobServerQueue] Tried to upload 1 file(s) to results, success rate: 1/1.
[2026-08-18 08:27:16Z INFO JobServerQueue] Try to append 1 batches web console lines for record '438538db-e604-4ec8-9bc8-1228bc71dbe6', success rate: 1/1.
[2026-08-18 08:27:17Z INFO JobServerQueue] Try to append 1 batches web console lines for record '438538db-e604-4ec8-9bc8-1228bc71dbe6', success rate: 1/1.
[2026-08-18 08:27:20Z INFO JobServerQueue] Try to append 1 batches web console lines for record '438538db-e604-4ec8-9bc8-1228bc71dbe6', success rate: 1/1.
[2026-08-18 08:27:21Z INFO JobServerQueue] Stop aggressive process web console line queue.
[2026-08-18 08:27:22Z INFO HostContext] Well known directory 'Bin': 'C:\Users\esharxhi\Documents\Hello world\actions-runner\bin'
[2026-08-18 08:27:22Z INFO HostContext] Well known directory 'Root': 'C:\Users\esharxhi\Documents\Hello world\actions-runner'
[2026-08-18 08:27:22Z INFO HostContext] Well known directory 'Work': 'C:\Users\esharxhi\Documents\Hello world\actions-runner\_work'
[2026-08-18 08:27:23Z INFO ProcessInvokerWrapper] STDOUT/STDERR stream read finished.
[2026-08-18 08:27:23Z INFO ProcessInvokerWrapper] STDOUT/STDERR stream read finished.
[2026-08-18 08:27:23Z INFO ProcessInvokerWrapper] Finished process 16184 with exit code 0, and elapsed time 00:00:12.0105400.
[2026-08-18 08:27:23Z INFO CreateStepSummaryCommand] Step Summary file (C:\Users\esharxhi\Documents\Hello world\actions-runner\_work\_temp\_runner_file_commands\step_summary_1acba7d9-7bc8-4ced-84cd-56fc425911c1) is empty; skipping attachment upload
[2026-08-18 08:27:23Z INFO StepsRunner] Step result: 
[2026-08-18 08:27:23Z INFO ExecutionContext] Publish step telemetry for current step {
  "action": "actions/checkout",
  "ref": "v4",
  "type": "node24",
  "stage": "Post",
  "stepId": "438538db-e604-4ec8-9bc8-1228bc71dbe6",
  "result": "succeeded",
  "errorMessages": [],
  "executionTimeInSeconds": 13,
  "startTime": "2026-08-18T08:27:11.6097977Z",
  "finishTime": "2026-08-18T08:27:23.8028477Z"
}.
[2026-08-18 08:27:23Z INFO StepsRunner] No need for updating job result with current step result 'Succeeded'.
[2026-08-18 08:27:23Z INFO StepsRunner] Current state: job state = 'Failed'
[2026-08-18 08:27:23Z INFO JobRunner] Finalize job.
[2026-08-18 08:27:23Z INFO HostContext] Well known directory 'Bin': 'C:\Users\esharxhi\Documents\Hello world\actions-runner\bin'
[2026-08-18 08:27:23Z INFO HostContext] Well known directory 'Root': 'C:\Users\esharxhi\Documents\Hello world\actions-runner'
[2026-08-18 08:27:23Z INFO HostContext] Well known directory 'Diag': 'C:\Users\esharxhi\Documents\Hello world\actions-runner\_diag'
[2026-08-18 08:27:23Z INFO HostContext] Well known directory 'Bin': 'C:\Users\esharxhi\Documents\Hello world\actions-runner\bin'
[2026-08-18 08:27:23Z INFO HostContext] Well known directory 'Root': 'C:\Users\esharxhi\Documents\Hello world\actions-runner'
[2026-08-18 08:27:23Z INFO HostContext] Well known directory 'Diag': 'C:\Users\esharxhi\Documents\Hello world\actions-runner\_diag'
[2026-08-18 08:27:23Z INFO JobExtension] Initialize Env context
[2026-08-18 08:27:23Z INFO JobExtension] Initialize steps context
[2026-08-18 08:27:23Z INFO JobExtension] Total accessible running process: 258.
[2026-08-18 08:27:23Z INFO JobExtension] Wait for all connectivity checks to finish.
[2026-08-18 08:27:23Z INFO JobExtension] Connectivity check result: {
  "endpointUrl": "https://broker.actions.githubusercontent.com/health",
  "endpointIPs": null,
  "startTime": "2026-08-18T08:26:22.5300246Z",
  "statusCode": "http_OK",
  "requestId": "C907:3DF208:26AABA9:27885F7:6A841813",
  "httpRequestDurationInMs": 447,
  "dnsResolutionDurationInMs": 0,
  "dnsError": null
}
[2026-08-18 08:27:23Z INFO JobExtension] Connectivity check result: {
  "endpointUrl": "https://token.actions.githubusercontent.com/ready",
  "endpointIPs": null,
  "startTime": "2026-08-18T08:26:22.5313192Z",
  "statusCode": "http_NoContent",
  "requestId": "C908:1E34EC:2069CCD:25172DF:6A841813",
  "httpRequestDurationInMs": 725,
  "dnsResolutionDurationInMs": 0,
  "dnsError": null
}
[2026-08-18 08:27:23Z INFO JobExtension] Connectivity check result: {
  "endpointUrl": "https://run.actions.githubusercontent.com/health",
  "endpointIPs": null,
  "startTime": "2026-08-18T08:26:22.5316289Z",
  "statusCode": "http_OK",
  "requestId": "C909:9BBD8:2691622:276EEA5:6A841813",
  "httpRequestDurationInMs": 758,
  "dnsResolutionDurationInMs": 0,
  "dnsError": null
}
[2026-08-18 08:27:23Z INFO ExecutionContext] Publish step telemetry for current step {
  "action": "complete_job",
  "type": "runner",
  "stage": "Post",
  "stepId": "ec415ca4-aed2-425e-866e-76a1678220f0",
  "result": "succeeded",
  "errorMessages": [
    "Node.js 20 is deprecated. The following actions target Node.js 20 but are being forced to run on Node.js 24: actions/checkout@v4, docker/setup-buildx-action@v3. For more information see: https://github.blog/changelog/2025-09-19-deprecation-of-node-20-on-gi"
  ],
  "executionTimeInSeconds": 1,
  "startTime": "2026-08-18T08:27:23.8128967Z",
  "finishTime": "2026-08-18T08:27:23.8320921Z"
}.
[2026-08-18 08:27:23Z INFO JobRunner] Job result after all job steps finish: Failed
[2026-08-18 08:27:23Z INFO JobRunner] Completing the job execution context.
[2026-08-18 08:27:23Z INFO JobRunner] Shutting down the job server queue.
[2026-08-18 08:27:23Z INFO JobServerQueue] Fire signal to shutdown all queues.
[2026-08-18 08:27:24Z INFO JobServerQueue] All queue process task stopped.
[2026-08-18 08:27:24Z INFO JobServerQueue] Try to append 1 batches web console lines for record 'ec415ca4-aed2-425e-866e-76a1678220f0', success rate: 1/1.
[2026-08-18 08:27:24Z INFO JobServerQueue] Web console line queue drained.
[2026-08-18 08:27:24Z INFO JobServerQueue] Uploading 3 files in one shot.
[2026-08-18 08:27:24Z INFO JobServerQueue] Try to upload 3 log files or attachments, success rate: 3/3.
[2026-08-18 08:27:24Z INFO JobServerQueue] File upload queue drained.
[2026-08-18 08:27:24Z INFO JobServerQueue] Starting results-based upload queue...
[2026-08-18 08:27:24Z INFO JobServerQueue] Uploading 3 file(s) in one shot through results service.
[2026-08-18 08:27:24Z INFO JobServerQueue] Got a step log file to send to results service.
[2026-08-18 08:27:24Z INFO JobServerQueue] Starting upload of step log file to results service ResultsLog, C:\Users\esharxhi\Documents\Hello world\actions-runner\_diag\blocks\bbb79312-c273-4bdc-a114-6b4b1a991b91_438538db-e604-4ec8-9bc8-1228bc71dbe6.1
[2026-08-18 08:27:24Z INFO JobServerQueue] Got a step log file to send to results service.
[2026-08-18 08:27:24Z INFO JobServerQueue] Starting upload of step log file to results service ResultsLog, C:\Users\esharxhi\Documents\Hello world\actions-runner\_diag\blocks\bbb79312-c273-4bdc-a114-6b4b1a991b91_ec415ca4-aed2-425e-866e-76a1678220f0.1
[2026-08-18 08:27:25Z INFO JobServerQueue] Got a job log file to send to results service.
[2026-08-18 08:27:25Z INFO JobServerQueue] Starting upload of job log file to results service ResultsLog, C:\Users\esharxhi\Documents\Hello world\actions-runner\_diag\blocks\bbb79312-c273-4bdc-a114-6b4b1a991b91_c0d57c38-728f-5884-8648-ac04ba1a4526.1
[2026-08-18 08:27:26Z INFO JobServerQueue] Tried to upload 3 file(s) to results, success rate: 3/3.
[2026-08-18 08:27:26Z INFO JobServerQueue] Results upload queue drained.
[2026-08-18 08:27:26Z INFO JobServerQueue] Timeline update queue drained.
[2026-08-18 08:27:26Z INFO JobServerQueue] Disposing job server ...
[2026-08-18 08:27:26Z INFO JobServerQueue] Disposing results server ...
[2026-08-18 08:27:26Z INFO JobServerQueue] All queue process tasks have been stopped, and all queues are drained.
[2026-08-18 08:27:26Z INFO TempDirectoryManager] Cleaning runner temp folder: C:\Users\esharxhi\Documents\Hello world\actions-runner\_work\_temp
[2026-08-18 08:27:26Z INFO HostContext] Well known directory 'Bin': 'C:\Users\esharxhi\Documents\Hello world\actions-runner\bin'
[2026-08-18 08:27:26Z INFO HostContext] Well known directory 'Root': 'C:\Users\esharxhi\Documents\Hello world\actions-runner'
[2026-08-18 08:27:26Z INFO HostContext] Well known directory 'Diag': 'C:\Users\esharxhi\Documents\Hello world\actions-runner\_diag'
[2026-08-18 08:27:26Z INFO HostContext] Well known config file 'Telemetry': 'C:\Users\esharxhi\Documents\Hello world\actions-runner\_diag\.telemetry'
[2026-08-18 08:27:26Z INFO JobRunner] Raising job completed against run service
[2026-08-18 08:27:26Z INFO Worker] Job completed.
