[2026-08-18 08:27:51Z INFO HostContext] No proxy settings were found based on environmental variables (http_proxy/https_proxy/HTTP_PROXY/HTTPS_PROXY)
[2026-08-18 08:27:51Z INFO HostContext] Well known directory 'Bin': 'C:\Users\esharxhi\Documents\Hello world\actions-runner\bin'
[2026-08-18 08:27:51Z INFO HostContext] Well known directory 'Root': 'C:\Users\esharxhi\Documents\Hello world\actions-runner'
[2026-08-18 08:27:51Z INFO HostContext] Well known config file 'Credentials': 'C:\Users\esharxhi\Documents\Hello world\actions-runner\.credentials'
[2026-08-18 08:27:51Z INFO HostContext] Well known directory 'Bin': 'C:\Users\esharxhi\Documents\Hello world\actions-runner\bin'
[2026-08-18 08:27:51Z INFO HostContext] Well known directory 'Root': 'C:\Users\esharxhi\Documents\Hello world\actions-runner'
[2026-08-18 08:27:51Z INFO HostContext] Well known config file 'Runner': 'C:\Users\esharxhi\Documents\Hello world\actions-runner\.runner'
[2026-08-18 08:27:51Z INFO Worker] Version: 2.336.0
[2026-08-18 08:27:51Z INFO Worker] Commit: 98aabcd429c4e8402406c56ce2d26387fed3b9ce
[2026-08-18 08:27:51Z INFO Worker] Culture: en-US
[2026-08-18 08:27:51Z INFO Worker] UI Culture: en-US
[2026-08-18 08:27:52Z INFO Worker] Waiting to receive the job message from the channel.
[2026-08-18 08:27:52Z INFO ProcessChannel] Receiving message of length 23646, with hash 'c006c2b3785cb950a0ac9536a530fab879b7b8df194a78c46a43bfbb0cc2d7e4'
[2026-08-18 08:27:52Z INFO Worker] Message received.
[2026-08-18 08:27:52Z INFO Worker] Job message:
 {
  "fileTable": [
    ".github/workflows/ci-cd.yml"
  ],
  "mask": [
    {
      "type": "regex",
      "value": "***"
    },
    {
      "type": "regex",
      "value": "***"
    },
    {
      "type": "regex",
      "value": "***"
    },
    {
      "type": "regex",
      "value": "***"
    },
    {
      "type": "regex",
      "value": "***"
    },
    {
      "type": "regex",
      "value": "***"
    },
    {
      "type": "regex",
      "value": "***"
    },
    {
      "type": "regex",
      "value": "***"
    },
    {
      "type": "regex",
      "value": "***"
    },
    {
      "type": "regex",
      "value": "***"
    },
    {
      "type": "regex",
      "value": "***"
    },
    {
      "type": "regex",
      "value": "***"
    },
    {
      "type": "regex",
      "value": "***"
    },
    {
      "type": "regex",
      "value": "***"
    },
    {
      "type": "regex",
      "value": "***"
    },
    {
      "type": "regex",
      "value": "***"
    },
    {
      "type": "regex",
      "value": "***"
    },
    {
      "type": "regex",
      "value": "***"
    },
    {
      "type": "regex",
      "value": "***"
    },
    {
      "type": "regex",
      "value": "***"
    },
    {
      "type": "regex",
      "value": "***"
    },
    {
      "type": "regex",
      "value": "***"
    },
    {
      "type": "regex",
      "value": "***"
    }
  ],
  "steps": [
    {
      "type": "action",
      "reference": {
        "type": "repository",
        "name": "actions/checkout",
        "ref": "v4",
        "repositoryType": "GitHub"
      },
      "displayNameToken": {
        "type": 0,
        "file": 1,
        "line": 19,
        "col": 15,
        "lit": "Checkout code"
      },
      "contextName": "__actions_checkout",
      "condition": "success()",
      "id": "6958d455-870d-45a1-965c-8a6c85f2407a",
      "name": "__actions_checkout"
    },
    {
      "type": "action",
      "reference": {
        "type": "repository",
        "name": "docker/setup-buildx-action",
        "ref": "v3",
        "repositoryType": "GitHub"
      },
      "displayNameToken": {
        "type": 0,
        "file": 1,
        "line": 23,
        "col": 15,
        "lit": "Set up Docker Buildx"
      },
      "contextName": "__docker_setup-buildx-action",
      "condition": "success()",
      "id": "646e4cd0-f488-4ba0-92a8-6ac9a195e43d",
      "name": "__docker_setup-buildx-action"
    },
    {
      "type": "action",
      "reference": {
        "type": "script"
      },
      "displayNameToken": {
        "type": 0,
        "file": 1,
        "line": 27,
        "col": 15,
        "lit": "Build Docker image"
      },
      "contextName": "__run",
      "inputs": {
        "type": 2,
        "map": [
          {
            "key": "script",
            "value": {
              "type": 3,
              "file": 1,
              "line": 28,
              "col": 14,
              "expr": "format('docker build -t hello-world:{0} .\ndocker build -t hello-world:latest .\n', github.sha)"
            }
          }
        ]
      },
      "condition": "success()",
      "id": "24dfe6c5-fdda-4367-a736-3312e5a9647f",
      "name": "__run"
    },
    {
      "type": "action",
      "reference": {
        "type": "script"
      },
      "displayNameToken": {
        "type": 0,
        "file": 1,
        "line": 33,
        "col": 15,
        "lit": "Test Docker image"
      },
      "contextName": "__run_2",
      "inputs": {
        "type": 2,
        "map": [
          {
            "key": "script",
            "value": {
              "type": 0,
              "file": 1,
              "line": 34,
              "col": 14,
              "lit": "docker run -d -p 8080:80 hello-world:latest\nsleep 2\ncurl http://localhost:8080 || echo \"Server check failed\"\n"
            }
          }
        ]
      },
      "condition": "success()",
      "id": "0b3cef01-7178-4cce-b987-dabb67d5654c",
      "name": "__run_2"
    }
  ],
  "variables": {
    "Actions.EnableHttpRedirects": {
      "value": "true"
    },
    "DistributedTask.AddWarningToNode12Action": {
      "value": "true"
    },
    "DistributedTask.AddWarningToNode16Action": {
      "value": "true"
    },
    "DistributedTask.AllowRunnerContainerHooks": {
      "value": "true"
    },
    "DistributedTask.DeprecateStepOutputCommands": {
      "value": "true"
    },
    "DistributedTask.DetailUntarFailure": {
      "value": "true"
    },
    "DistributedTask.EnableCompositeActions": {
      "value": "true"
    },
    "DistributedTask.EnableJobServerQueueTelemetry": {
      "value": "true"
    },
    "DistributedTask.EnhancedAnnotations": {
      "value": "true"
    },
    "DistributedTask.ForceGithubJavascriptActionsToNode16": {
      "value": "true"
    },
    "DistributedTask.ForceGithubJavascriptActionsToNode20": {
      "value": "true"
    },
    "DistributedTask.LogTemplateErrorsAsDebugMessages": {
      "value": "true"
    },
    "DistributedTask.MarkJobAsFailedOnWorkerCrash": {
      "value": "true"
    },
    "DistributedTask.NewActionMetadata": {
      "value": "true"
    },
    "DistributedTask.UploadStepSummary": {
      "value": "true"
    },
    "DistributedTask.UseActionArchiveCache": {
      "value": "true"
    },
    "DistributedTask.UseWhich2": {
      "value": "true"
    },
    "RunService.FixEmbeddedIssues": {
      "value": "true"
    },
    "actions.runner.requirenode24": {
      "value": "false"
    },
    "actions.runner.usenode24bydefault": {
      "value": "true"
    },
    "actions.runner.warnonnode20": {
      "value": "true"
    },
    "actions_add_check_run_id_to_job_context": {
      "value": "true"
    },
    "actions_batch_action_resolution": {
      "value": "false"
    },
    "actions_container_action_runner_temp": {
      "value": "true"
    },
    "actions_display_helpful_actions_download_errors": {
      "value": "true"
    },
    "actions_runner_allow_artifacts_file": {
      "value": "false"
    },
    "actions_runner_compare_workflow_parser": {
      "value": "false"
    },
    "actions_runner_deprecate_linux_arm32": {
      "value": "true"
    },
    "actions_runner_emit_composite_markers": {
      "value": "true"
    },
    "actions_runner_kill_linux_arm32": {
      "value": "false"
    },
    "actions_runner_node20_removal_date": {
      "value": ""
    },
    "actions_runner_node24_default_date": {
      "value": "June 16th, 2026"
    },
    "actions_self_repository": {
      "value": "true"
    },
    "actions_service_container_command": {
      "value": "true"
    },
    "actions_set_orchestration_id_env_for_actions": {
      "value": "true"
    },
    "actions_skip_retry_complete_job_upon_known_errors": {
      "value": "true"
    },
    "actions_snapshot_preflight_hosted_runner_check": {
      "value": "false"
    },
    "actions_snapshot_preflight_image_gen_pool_check": {
      "value": "false"
    },
    "actions_use_bearer_token_for_codeload": {
      "value": "false"
    },
    "actions_uses_cache_service_v2": {
      "value": "true"
    },
    "github_token": {
      "value": "***",
      "isSecret": true
    },
    "system.from_run_service": {
      "value": "true"
    },
    "system.github.job": {
      "value": "build"
    },
    "system.github.launch_endpoint": {
      "value": "https://launch.actions.githubusercontent.com"
    },
    "system.github.results_endpoint": {
      "value": "https://results-receiver.actions.githubusercontent.com/"
    },
    "system.github.results_upload_with_sdk": {
      "value": "true"
    },
    "system.github.token": {
      "value": "***",
      "isSecret": true
    },
    "system.github.token.permissions": {
      "value": "{\"Contents\":\"read\",\"Metadata\":\"read\",\"Packages\":\"read\"}"
    },
    "system.orchestrationId": {
      "value": "a234d8e1-64a0-40bd-b7c6-a96a193c1ea4.build.__default"
    },
    "system.phaseDisplayName": {
      "value": "build"
    },
    "system.runner.lowdiskspacethreshold": {
      "value": "100"
    },
    "system.runnerEnvironment": {
      "value": "self-hosted"
    },
    "system.runnerGroupName": {
      "value": "Default"
    }
  },
  "messageType": "RunnerJobRequest",
  "plan": {
    "scopeIdentifier": "00000000-0000-0000-0000-000000000000",
    "planType": "actions",
    "version": 0,
    "planId": "a234d8e1-64a0-40bd-b7c6-a96a193c1ea4",
    "planGroup": null,
    "artifactUri": null,
    "artifactLocation": null,
    "definition": null,
    "owner": null
  },
  "timeline": {
    "id": "a234d8e1-64a0-40bd-b7c6-a96a193c1ea4",
    "changeId": 0,
    "location": null
  },
  "jobId": "ad094ec1-bc9e-5c01-9a53-d52f9604ea0e",
  "jobDisplayName": "build",
  "jobName": "__default",
  "requestId": 0,
  "lockedUntil": "0001-01-01T00:00:00",
  "resources": {
    "endpoints": [
      {
        "data": {
          "ServerId": "",
          "ServerName": "",
          "CacheServerUrl": "https://artifactcache.actions.githubusercontent.com/ECWjlxlhAkBjrGgqM1jTeKf96D9HsjC56t0s3kwhZxw3gzHm32/",
          "FeedStreamUrl": "wss://results-receiver.actions.githubusercontent.com/_ws/ingest.sock",
          "ResultsServiceUrl": "https://results-receiver.actions.githubusercontent.com/",
          "PipelinesServiceUrl": "https://pipelinesghubeus8.actions.githubusercontent.com/ECWjlxlhAkBjrGgqM1jTeKf96D9HsjC56t0s3kwhZxw3gzHm32/",
          "GenerateIdTokenUrl": "",
          "ConnectivityChecks": "[\"https://broker.actions.githubusercontent.com/health\",\"https://token.actions.githubusercontent.com/ready\",\"https://run.actions.githubusercontent.com/health\"]",
          "ConnectivityAndDNSChecks": ""
        },
        "name": "SystemVssConnection",
        "url": "https://run-actions-1-azure-eastus.actions.githubusercontent.com/60/",
        "authorization": {
          "parameters": {
            "AccessToken": "***"
          },
          "scheme": "OAuth"
        },
        "isShared": false,
        "isReady": true
      }
    ]
  },
  "contextData": {
    "github": {
      "t": 2,
      "d": [
        {
          "k": "ref",
          "v": "refs/heads/main"
        },
        {
          "k": "sha",
          "v": "721ae874bac2b0458e7b920b072cc2d9145cc0a9"
        },
        {
          "k": "repository",
          "v": "boransharxhi-oss/Helloworld-workflow"
        },
        {
          "k": "repository_owner",
          "v": "boransharxhi-oss"
        },
        {
          "k": "repository_owner_id",
          "v": "263969954"
        },
        {
          "k": "repositoryUrl",
          "v": "git://github.com/boransharxhi-oss/Helloworld-workflow.git"
        },
        {
          "k": "run_id",
          "v": "32116827738"
        },
        {
          "k": "run_number",
          "v": "3"
        },
        {
          "k": "retention_days",
          "v": "90"
        },
        {
          "k": "run_attempt",
          "v": "1"
        },
        {
          "k": "artifact_cache_size_limit",
          "v": "10"
        },
        {
          "k": "repository_visibility",
          "v": "public"
        },
        {
          "k": "actor_id",
          "v": "263969954"
        },
        {
          "k": "actor",
          "v": "boransharxhi-oss"
        },
        {
          "k": "workflow",
          "v": "Build, Test, and Deploy"
        },
        {
          "k": "head_ref",
          "v": ""
        },
        {
          "k": "base_ref",
          "v": ""
        },
        {
          "k": "event_name",
          "v": "push"
        },
        {
          "k": "server_url",
          "v": "https://github.com"
        },
        {
          "k": "api_url",
          "v": "https://api.github.com"
        },
        {
          "k": "graphql_url",
          "v": "https://api.github.com/graphql"
        },
        {
          "k": "ref_name",
          "v": "main"
        },
        {
          "k": "ref_protected",
          "v": false
        },
        {
          "k": "ref_type",
          "v": "branch"
        },
        {
          "k": "secret_source",
          "v": "Actions"
        },
        {
          "k": "event",
          "v": {
            "t": 2,
            "d": [
              {
                "k": "after",
                "v": "721ae874bac2b0458e7b920b072cc2d9145cc0a9"
              },
              {
                "k": "base_ref",
                "v": null
              },
              {
                "k": "before",
                "v": "30b05150e585c3875b3d99641712ca15df8c8a08"
              },
              {
                "k": "commits",
                "v": {
                  "t": 1,
                  "a": [
                    {
                      "t": 2,
                      "d": [
                        {
                          "k": "author",
                          "v": {
                            "t": 2,
                            "d": [
                              {
                                "k": "email",
                                "v": "boran.sharxhi@harryfultz.edu.al"
                              },
                              {
                                "k": "name",
                                "v": "Boran Sharxhi"
                              },
                              {
                                "k": "username",
                                "v": "boransharxhi-oss"
                              }
                            ]
                          }
                        },
                        {
                          "k": "committer",
                          "v": {
                            "t": 2,
                            "d": [
                              {
                                "k": "email",
                                "v": "boran.sharxhi@harryfultz.edu.al"
                              },
                              {
                                "k": "name",
                                "v": "Boran Sharxhi"
                              },
                              {
                                "k": "username",
                                "v": "boransharxhi-oss"
                              }
                            ]
                          }
                        },
                        {
                          "k": "distinct",
                          "v": true
                        },
                        {
                          "k": "id",
                          "v": "721ae874bac2b0458e7b920b072cc2d9145cc0a9"
                        },
                        {
                          "k": "message",
                          "v": "other changes (IDK)"
                        },
                        {
                          "k": "timestamp",
                          "v": "2026-08-18T10:27:36+02:00"
                        },
                        {
                          "k": "tree_id",
                          "v": "1e3059f36d32ada2272089cfe3868cc8f37a7876"
                        },
                        {
                          "k": "url",
                          "v": "https://github.com/boransharxhi-oss/Helloworld-workflow/commit/721ae874bac2b0458e7b920b072cc2d9145cc0a9"
                        }
                      ]
                    }
                  ]
                }
              },
              {
                "k": "compare",
                "v": "https://github.com/boransharxhi-oss/Helloworld-workflow/compare/30b05150e585...721ae874bac2"
              },
              {
                "k": "created",
                "v": false
              },
              {
                "k": "deleted",
                "v": false
              },
              {
                "k": "forced",
                "v": false
              },
              {
                "k": "head_commit",
                "v": {
                  "t": 2,
                  "d": [
                    {
                      "k": "author",
                      "v": {
                        "t": 2,
                        "d": [
                          {
                            "k": "email",
                            "v": "boran.sharxhi@harryfultz.edu.al"
                          },
                          {
                            "k": "name",
                            "v": "Boran Sharxhi"
                          },
                          {
                            "k": "username",
                            "v": "boransharxhi-oss"
                          }
                        ]
                      }
                    },
                    {
                      "k": "committer",
                      "v": {
                        "t": 2,
                        "d": [
                          {
                            "k": "email",
                            "v": "boran.sharxhi@harryfultz.edu.al"
                          },
                          {
                            "k": "name",
                            "v": "Boran Sharxhi"
                          },
                          {
                            "k": "username",
                            "v": "boransharxhi-oss"
                          }
                        ]
                      }
                    },
                    {
                      "k": "distinct",
                      "v": true
                    },
                    {
                      "k": "id",
                      "v": "721ae874bac2b0458e7b920b072cc2d9145cc0a9"
                    },
                    {
                      "k": "message",
                      "v": "other changes (IDK)"
                    },
                    {
                      "k": "timestamp",
                      "v": "2026-08-18T10:27:36+02:00"
                    },
                    {
                      "k": "tree_id",
                      "v": "1e3059f36d32ada2272089cfe3868cc8f37a7876"
                    },
                    {
                      "k": "url",
                      "v": "https://github.com/boransharxhi-oss/Helloworld-workflow/commit/721ae874bac2b0458e7b920b072cc2d9145cc0a9"
                    }
                  ]
                }
              },
              {
                "k": "pusher",
                "v": {
                  "t": 2,
                  "d": [
                    {
                      "k": "email",
                      "v": "boran.sharxhi@harryfultz.edu.al"
                    },
                    {
                      "k": "name",
                      "v": "boransharxhi-oss"
                    }
                  ]
                }
              },
              {
                "k": "ref",
                "v": "refs/heads/main"
              },
              {
                "k": "repository",
                "v": {
                  "t": 2,
                  "d": [
                    {
                      "k": "allow_forking",
                      "v": true
                    },
                    {
                      "k": "archive_url",
                      "v": "https://api.github.com/repos/boransharxhi-oss/Helloworld-workflow/{archive_format}{/ref}"
                    },
                    {
                      "k": "archived",
                      "v": false
                    },
                    {
                      "k": "assignees_url",
                      "v": "https://api.github.com/repos/boransharxhi-oss/Helloworld-workflow/assignees{/user}"
                    },
                    {
                      "k": "blobs_url",
                      "v": "https://api.github.com/repos/boransharxhi-oss/Helloworld-workflow/git/blobs{/sha}"
                    },
                    {
                      "k": "branches_url",
                      "v": "https://api.github.com/repos/boransharxhi-oss/Helloworld-workflow/branches{/branch}"
                    },
                    {
                      "k": "clone_url",
                      "v": "https://github.com/boransharxhi-oss/Helloworld-workflow.git"
                    },
                    {
                      "k": "collaborators_url",
                      "v": "https://api.github.com/repos/boransharxhi-oss/Helloworld-workflow/collaborators{/collaborator}"
                    },
                    {
                      "k": "comments_url",
                      "v": "https://api.github.com/repos/boransharxhi-oss/Helloworld-workflow/comments{/number}"
                    },
                    {
                      "k": "commits_url",
                      "v": "https://api.github.com/repos/boransharxhi-oss/Helloworld-workflow/commits{/sha}"
                    },
                    {
                      "k": "compare_url",
                      "v": "https://api.github.com/repos/boransharxhi-oss/Helloworld-workflow/compare/{base}...{head}"
                    },
                    {
                      "k": "contents_url",
                      "v": "https://api.github.com/repos/boransharxhi-oss/Helloworld-workflow/contents/{+path}"
                    },
                    {
                      "k": "contributors_url",
                      "v": "https://api.github.com/repos/boransharxhi-oss/Helloworld-workflow/contributors"
                    },
                    {
                      "k": "created_at",
                      "v": 1787040084.0
                    },
                    {
                      "k": "default_branch",
                      "v": "main"
                    },
                    {
                      "k": "deployments_url",
                      "v": "https://api.github.com/repos/boransharxhi-oss/Helloworld-workflow/deployments"
                    },
                    {
                      "k": "description",
                      "v": null
                    },
                    {
                      "k": "disabled",
                      "v": false
                    },
                    {
                      "k": "downloads_url",
                      "v": "https://api.github.com/repos/boransharxhi-oss/Helloworld-workflow/downloads"
                    },
                    {
                      "k": "events_url",
                      "v": "https://api.github.com/repos/boransharxhi-oss/Helloworld-workflow/events"
                    },
                    {
                      "k": "fork",
                      "v": false
                    },
                    {
                      "k": "forks",
                      "v": 0.0
                    },
                    {
                      "k": "forks_count",
                      "v": 0.0
                    },
                    {
                      "k": "forks_url",
                      "v": "https://api.github.com/repos/boransharxhi-oss/Helloworld-workflow/forks"
                    },
                    {
                      "k": "full_name",
                      "v": "boransharxhi-oss/Helloworld-workflow"
                    },
                    {
                      "k": "git_commits_url",
                      "v": "https://api.github.com/repos/boransharxhi-oss/Helloworld-workflow/git/commits{/sha}"
                    },
                    {
                      "k": "git_refs_url",
                      "v": "https://api.github.com/repos/boransharxhi-oss/Helloworld-workflow/git/refs{/sha}"
                    },
                    {
                      "k": "git_tags_url",
                      "v": "https://api.github.com/repos/boransharxhi-oss/Helloworld-workflow/git/tags{/sha}"
                    },
                    {
                      "k": "git_url",
                      "v": "git://github.com/boransharxhi-oss/Helloworld-workflow.git"
                    },
                    {
                      "k": "has_discussions",
                      "v": false
                    },
                    {
                      "k": "has_downloads",
                      "v": true
                    },
                    {
                      "k": "has_issues",
                      "v": true
                    },
                    {
                      "k": "has_pages",
                      "v": false
                    },
                    {
                      "k": "has_projects",
                      "v": true
                    },
                    {
                      "k": "has_pull_requests",
                      "v": true
                    },
                    {
                      "k": "has_wiki",
                      "v": true
                    },
                    {
                      "k": "homepage",
                      "v": null
                    },
                    {
                      "k": "hooks_url",
                      "v": "https://api.github.com/repos/boransharxhi-oss/Helloworld-workflow/hooks"
                    },
                    {
                      "k": "html_url",
                      "v": "https://github.com/boransharxhi-oss/Helloworld-workflow"
                    },
                    {
                      "k": "id",
                      "v": 1338135417.0
                    },
                    {
                      "k": "is_template",
                      "v": false
                    },
                    {
                      "k": "issue_comment_url",
                      "v": "https://api.github.com/repos/boransharxhi-oss/Helloworld-workflow/issues/comments{/number}"
                    },
                    {
                      "k": "issue_events_url",
                      "v": "https://api.github.com/repos/boransharxhi-oss/Helloworld-workflow/issues/events{/number}"
                    },
                    {
                      "k": "issues_url",
                      "v": "https://api.github.com/repos/boransharxhi-oss/Helloworld-workflow/issues{/number}"
                    },
                    {
                      "k": "keys_url",
                      "v": "https://api.github.com/repos/boransharxhi-oss/Helloworld-workflow/keys{/key_id}"
                    },
                    {
                      "k": "labels_url",
                      "v": "https://api.github.com/repos/boransharxhi-oss/Helloworld-workflow/labels{/name}"
                    },
                    {
                      "k": "language",
                      "v": "JavaScript"
                    },
                    {
                      "k": "languages_url",
                      "v": "https://api.github.com/repos/boransharxhi-oss/Helloworld-workflow/languages"
                    },
                    {
                      "k": "license",
                      "v": null
                    },
                    {
                      "k": "master_branch",
                      "v": "main"
                    },
                    {
                      "k": "merges_url",
                      "v": "https://api.github.com/repos/boransharxhi-oss/Helloworld-workflow/merges"
                    },
                    {
                      "k": "milestones_url",
                      "v": "https://api.github.com/repos/boransharxhi-oss/Helloworld-workflow/milestones{/number}"
                    },
                    {
                      "k": "mirror_url",
                      "v": null
                    },
                    {
                      "k": "name",
                      "v": "Helloworld-workflow"
                    },
                    {
                      "k": "node_id",
                      "v": "R_kgDOT8JTeQ"
                    },
                    {
                      "k": "notifications_url",
                      "v": "https://api.github.com/repos/boransharxhi-oss/Helloworld-workflow/notifications{?since,all,participating}"
                    },
                    {
                      "k": "open_issues",
                      "v": 0.0
                    },
                    {
                      "k": "open_issues_count",
                      "v": 0.0
                    },
                    {
                      "k": "owner",
                      "v": {
                        "t": 2,
                        "d": [
                          {
                            "k": "avatar_url",
                            "v": "https://avatars.githubusercontent.com/u/263969954?v=4"
                          },
                          {
                            "k": "email",
                            "v": "boran.sharxhi@harryfultz.edu.al"
                          },
                          {
                            "k": "events_url",
                            "v": "https://api.github.com/users/boransharxhi-oss/events{/privacy}"
                          },
                          {
                            "k": "followers_url",
                            "v": "https://api.github.com/users/boransharxhi-oss/followers"
                          },
                          {
                            "k": "following_url",
                            "v": "https://api.github.com/users/boransharxhi-oss/following{/other_user}"
                          },
                          {
                            "k": "gists_url",
                            "v": "https://api.github.com/users/boransharxhi-oss/gists{/gist_id}"
                          },
                          {
                            "k": "gravatar_id",
                            "v": ""
                          },
                          {
                            "k": "html_url",
                            "v": "https://github.com/boransharxhi-oss"
                          },
                          {
                            "k": "id",
                            "v": 263969954.0
                          },
                          {
                            "k": "login",
                            "v": "boransharxhi-oss"
                          },
                          {
                            "k": "name",
                            "v": "boransharxhi-oss"
                          },
                          {
                            "k": "node_id",
                            "v": "U_kgDOD7vcog"
                          },
                          {
                            "k": "organizations_url",
                            "v": "https://api.github.com/users/boransharxhi-oss/orgs"
                          },
                          {
                            "k": "received_events_url",
                            "v": "https://api.github.com/users/boransharxhi-oss/received_events"
                          },
                          {
                            "k": "repos_url",
                            "v": "https://api.github.com/users/boransharxhi-oss/repos"
                          },
                          {
                            "k": "site_admin",
                            "v": false
                          },
                          {
                            "k": "starred_url",
                            "v": "https://api.github.com/users/boransharxhi-oss/starred{/owner}{/repo}"
                          },
                          {
                            "k": "subscriptions_url",
                            "v": "https://api.github.com/users/boransharxhi-oss/subscriptions"
                          },
                          {
                            "k": "type",
                            "v": "User"
                          },
                          {
                            "k": "url",
                            "v": "https://api.github.com/users/boransharxhi-oss"
                          },
                          {
                            "k": "user_view_type",
                            "v": "public"
                          }
                        ]
                      }
                    },
                    {
                      "k": "private",
                      "v": false
                    },
                    {
                      "k": "pull_request_creation_policy",
                      "v": "all"
                    },
                    {
                      "k": "pulls_url",
                      "v": "https://api.github.com/repos/boransharxhi-oss/Helloworld-workflow/pulls{/number}"
                    },
                    {
                      "k": "pushed_at",
                      "v": 1787041894.0
                    },
                    {
                      "k": "releases_url",
                      "v": "https://api.github.com/repos/boransharxhi-oss/Helloworld-workflow/releases{/id}"
                    },
                    {
                      "k": "size",
                      "v": 0.0
                    },
                    {
                      "k": "ssh_url",
                      "v": "git@github.com:boransharxhi-oss/Helloworld-workflow.git"
                    },
                    {
                      "k": "stargazers",
                      "v": 0.0
                    },
                    {
                      "k": "stargazers_count",
                      "v": 0.0
                    },
                    {
                      "k": "stargazers_url",
                      "v": "https://api.github.com/repos/boransharxhi-oss/Helloworld-workflow/stargazers"
                    },
                    {
                      "k": "statuses_url",
                      "v": "https://api.github.com/repos/boransharxhi-oss/Helloworld-workflow/statuses/{sha}"
                    },
                    {
                      "k": "subscribers_url",
                      "v": "https://api.github.com/repos/boransharxhi-oss/Helloworld-workflow/subscribers"
                    },
                    {
                      "k": "subscription_url",
                      "v": "https://api.github.com/repos/boransharxhi-oss/Helloworld-workflow/subscription"
                    },
                    {
                      "k": "svn_url",
                      "v": "https://github.com/boransharxhi-oss/Helloworld-workflow"
                    },
                    {
                      "k": "tags_url",
                      "v": "https://api.github.com/repos/boransharxhi-oss/Helloworld-workflow/tags"
                    },
                    {
                      "k": "teams_url",
                      "v": "https://api.github.com/repos/boransharxhi-oss/Helloworld-workflow/teams"
                    },
                    {
                      "k": "topics",
                      "v": {
                        "t": 1
                      }
                    },
                    {
                      "k": "trees_url",
                      "v": "https://api.github.com/repos/boransharxhi-oss/Helloworld-workflow/git/trees{/sha}"
                    },
                    {
                      "k": "updated_at",
                      "v": "2026-08-18T08:29:21Z"
                    },
                    {
                      "k": "url",
                      "v": "https://api.github.com/repos/boransharxhi-oss/Helloworld-workflow"
                    },
                    {
                      "k": "visibility",
                      "v": "public"
                    },
                    {
                      "k": "watchers",
                      "v": 0.0
                    },
                    {
                      "k": "watchers_count",
                      "v": 0.0
                    },
                    {
                      "k": "web_commit_signoff_required",
                      "v": false
                    }
                  ]
                }
              },
              {
                "k": "sender",
                "v": {
                  "t": 2,
                  "d": [
                    {
                      "k": "avatar_url",
                      "v": "https://avatars.githubusercontent.com/u/263969954?v=4"
                    },
                    {
                      "k": "events_url",
                      "v": "https://api.github.com/users/boransharxhi-oss/events{/privacy}"
                    },
                    {
                      "k": "followers_url",
                      "v": "https://api.github.com/users/boransharxhi-oss/followers"
                    },
                    {
                      "k": "following_url",
                      "v": "https://api.github.com/users/boransharxhi-oss/following{/other_user}"
                    },
                    {
                      "k": "gists_url",
                      "v": "https://api.github.com/users/boransharxhi-oss/gists{/gist_id}"
                    },
                    {
                      "k": "gravatar_id",
                      "v": ""
                    },
                    {
                      "k": "html_url",
                      "v": "https://github.com/boransharxhi-oss"
                    },
                    {
                      "k": "id",
                      "v": 263969954.0
                    },
                    {
                      "k": "login",
                      "v": "boransharxhi-oss"
                    },
                    {
                      "k": "node_id",
                      "v": "U_kgDOD7vcog"
                    },
                    {
                      "k": "organizations_url",
                      "v": "https://api.github.com/users/boransharxhi-oss/orgs"
                    },
                    {
                      "k": "received_events_url",
                      "v": "https://api.github.com/users/boransharxhi-oss/received_events"
                    },
                    {
                      "k": "repos_url",
                      "v": "https://api.github.com/users/boransharxhi-oss/repos"
                    },
                    {
                      "k": "site_admin",
                      "v": false
                    },
                    {
                      "k": "starred_url",
                      "v": "https://api.github.com/users/boransharxhi-oss/starred{/owner}{/repo}"
                    },
                    {
                      "k": "subscriptions_url",
                      "v": "https://api.github.com/users/boransharxhi-oss/subscriptions"
                    },
                    {
                      "k": "type",
                      "v": "User"
                    },
                    {
                      "k": "url",
                      "v": "https://api.github.com/users/boransharxhi-oss"
                    },
                    {
                      "k": "user_view_type",
                      "v": "public"
                    }
                  ]
                }
              }
            ]
          }
        },
        {
          "k": "workflow_ref",
          "v": "boransharxhi-oss/Helloworld-workflow/.github/workflows/ci-cd.yml@refs/heads/main"
        },
        {
          "k": "workflow_sha",
          "v": "721ae874bac2b0458e7b920b072cc2d9145cc0a9"
        },
        {
          "k": "repository_id",
          "v": "1338135417"
        },
        {
          "k": "triggering_actor",
          "v": "boransharxhi-oss"
        }
      ]
    },
    "inputs": {
      "t": 2
    },
    "job": {
      "t": 2,
      "d": [
        {
          "k": "check_run_id",
          "v": 95648114123.0
        },
        {
          "k": "workflow_ref",
          "v": "boransharxhi-oss/Helloworld-workflow/.github/workflows/ci-cd.yml@refs/heads/main"
        },
        {
          "k": "workflow_sha",
          "v": "721ae874bac2b0458e7b920b072cc2d9145cc0a9"
        },
        {
          "k": "workflow_repository",
          "v": "boransharxhi-oss/Helloworld-workflow"
        },
        {
          "k": "workflow_file_path",
          "v": ".github/workflows/ci-cd.yml"
        }
      ]
    },
    "matrix": null,
    "needs": {
      "t": 2
    },
    "strategy": {
      "t": 2,
      "d": [
        {
          "k": "fail-fast",
          "v": true
        },
        {
          "k": "job-index",
          "v": 0.0
        },
        {
          "k": "job-total",
          "v": 1.0
        },
        {
          "k": "max-parallel",
          "v": 1.0
        }
      ]
    },
    "vars": {
      "t": 2
    }
  },
  "billingOwnerId": "U_kgDOD7vcog"
}
[2026-08-18 08:27:52Z INFO JobRunner] Job ID ad094ec1-bc9e-5c01-9a53-d52f9604ea0e
[2026-08-18 08:27:52Z INFO ConfigurationStore] currentAssemblyLocation: C:\Users\esharxhi\Documents\Hello world\actions-runner\bin\Runner.Worker.dll
[2026-08-18 08:27:52Z INFO HostContext] Well known directory 'Bin': 'C:\Users\esharxhi\Documents\Hello world\actions-runner\bin'
[2026-08-18 08:27:52Z INFO ConfigurationStore] binPath: C:\Users\esharxhi\Documents\Hello world\actions-runner\bin
[2026-08-18 08:27:52Z INFO HostContext] Well known directory 'Bin': 'C:\Users\esharxhi\Documents\Hello world\actions-runner\bin'
[2026-08-18 08:27:52Z INFO HostContext] Well known directory 'Root': 'C:\Users\esharxhi\Documents\Hello world\actions-runner'
[2026-08-18 08:27:52Z INFO ConfigurationStore] RootFolder: C:\Users\esharxhi\Documents\Hello world\actions-runner
[2026-08-18 08:27:52Z INFO HostContext] Well known directory 'Bin': 'C:\Users\esharxhi\Documents\Hello world\actions-runner\bin'
[2026-08-18 08:27:52Z INFO HostContext] Well known directory 'Root': 'C:\Users\esharxhi\Documents\Hello world\actions-runner'
[2026-08-18 08:27:52Z INFO HostContext] Well known config file 'Runner': 'C:\Users\esharxhi\Documents\Hello world\actions-runner\.runner'
[2026-08-18 08:27:52Z INFO ConfigurationStore] ConfigFilePath: C:\Users\esharxhi\Documents\Hello world\actions-runner\.runner
[2026-08-18 08:27:52Z INFO HostContext] Well known directory 'Bin': 'C:\Users\esharxhi\Documents\Hello world\actions-runner\bin'
[2026-08-18 08:27:52Z INFO HostContext] Well known directory 'Root': 'C:\Users\esharxhi\Documents\Hello world\actions-runner'
[2026-08-18 08:27:52Z INFO HostContext] Well known config file 'MigratedRunner': 'C:\Users\esharxhi\Documents\Hello world\actions-runner\.runner_migrated'
[2026-08-18 08:27:52Z INFO ConfigurationStore] MigratedConfigFilePath: C:\Users\esharxhi\Documents\Hello world\actions-runner\.runner_migrated
[2026-08-18 08:27:52Z INFO HostContext] Well known directory 'Bin': 'C:\Users\esharxhi\Documents\Hello world\actions-runner\bin'
[2026-08-18 08:27:52Z INFO HostContext] Well known directory 'Root': 'C:\Users\esharxhi\Documents\Hello world\actions-runner'
[2026-08-18 08:27:52Z INFO HostContext] Well known config file 'Credentials': 'C:\Users\esharxhi\Documents\Hello world\actions-runner\.credentials'
[2026-08-18 08:27:52Z INFO ConfigurationStore] CredFilePath: C:\Users\esharxhi\Documents\Hello world\actions-runner\.credentials
[2026-08-18 08:27:52Z INFO HostContext] Well known directory 'Bin': 'C:\Users\esharxhi\Documents\Hello world\actions-runner\bin'
[2026-08-18 08:27:52Z INFO HostContext] Well known directory 'Root': 'C:\Users\esharxhi\Documents\Hello world\actions-runner'
[2026-08-18 08:27:52Z INFO HostContext] Well known config file 'MigratedCredentials': 'C:\Users\esharxhi\Documents\Hello world\actions-runner\.credentials_migrated'
[2026-08-18 08:27:52Z INFO ConfigurationStore] MigratedCredFilePath: C:\Users\esharxhi\Documents\Hello world\actions-runner\.credentials_migrated
[2026-08-18 08:27:52Z INFO HostContext] Well known directory 'Bin': 'C:\Users\esharxhi\Documents\Hello world\actions-runner\bin'
[2026-08-18 08:27:52Z INFO HostContext] Well known directory 'Root': 'C:\Users\esharxhi\Documents\Hello world\actions-runner'
[2026-08-18 08:27:52Z INFO HostContext] Well known config file 'Service': 'C:\Users\esharxhi\Documents\Hello world\actions-runner\.service'
[2026-08-18 08:27:52Z INFO ConfigurationStore] ServiceConfigFilePath: C:\Users\esharxhi\Documents\Hello world\actions-runner\.service
[2026-08-18 08:27:52Z INFO ConfigurationStore] Read setting file: 411 chars
[2026-08-18 08:27:52Z INFO JobRunner] Initializing launch client
[2026-08-18 08:27:52Z INFO JobServerQueue] Initializing results client
[2026-08-18 08:27:52Z INFO ResultServer] Creating websocket client ...wss://results-receiver.actions.githubusercontent.com/_ws/ingest.sock
[2026-08-18 08:27:52Z INFO ResultServer] Attempting to start websocket client with delay 00:00:00.
[2026-08-18 08:27:52Z INFO JobServerQueue] Start process web console line queue.
[2026-08-18 08:27:52Z INFO JobServerQueue] Start process file upload queue.
[2026-08-18 08:27:52Z INFO JobServerQueue] Start results file upload queue.
[2026-08-18 08:27:52Z INFO JobServerQueue] Starting results-based upload queue...
[2026-08-18 08:27:52Z INFO JobServerQueue] Start process timeline update queue.
[2026-08-18 08:27:52Z INFO ExecutionContext] Initializing Job context
[2026-08-18 08:27:52Z INFO ExecutionContext] Initialize GitHub context
[2026-08-18 08:27:52Z INFO ExecutionContext] Initialize Env context
[2026-08-18 08:27:52Z INFO HostContext] Well known directory 'Bin': 'C:\Users\esharxhi\Documents\Hello world\actions-runner\bin'
[2026-08-18 08:27:52Z INFO HostContext] Well known directory 'Root': 'C:\Users\esharxhi\Documents\Hello world\actions-runner'
[2026-08-18 08:27:52Z INFO HostContext] Well known directory 'Diag': 'C:\Users\esharxhi\Documents\Hello world\actions-runner\_diag'
[2026-08-18 08:27:52Z INFO HostContext] Well known directory 'Bin': 'C:\Users\esharxhi\Documents\Hello world\actions-runner\bin'
[2026-08-18 08:27:52Z INFO HostContext] Well known directory 'Root': 'C:\Users\esharxhi\Documents\Hello world\actions-runner'
[2026-08-18 08:27:52Z INFO HostContext] Well known directory 'Diag': 'C:\Users\esharxhi\Documents\Hello world\actions-runner\_diag'
[2026-08-18 08:27:52Z INFO JobRunner] Starting the job execution context.
[2026-08-18 08:27:52Z INFO HostContext] Well known directory 'Bin': 'C:\Users\esharxhi\Documents\Hello world\actions-runner\bin'
[2026-08-18 08:27:52Z INFO HostContext] Well known directory 'Root': 'C:\Users\esharxhi\Documents\Hello world\actions-runner'
[2026-08-18 08:27:52Z INFO HostContext] Well known directory 'Work': 'C:\Users\esharxhi\Documents\Hello world\actions-runner\_work'
[2026-08-18 08:27:52Z INFO JobRunner] Validating directory permissions for: 'C:\Users\esharxhi\Documents\Hello world\actions-runner\_work'
[2026-08-18 08:27:52Z INFO HostContext] Well known directory 'Bin': 'C:\Users\esharxhi\Documents\Hello world\actions-runner\bin'
[2026-08-18 08:27:52Z INFO HostContext] Well known directory 'Root': 'C:\Users\esharxhi\Documents\Hello world\actions-runner'
[2026-08-18 08:27:52Z INFO HostContext] Well known directory 'Work': 'C:\Users\esharxhi\Documents\Hello world\actions-runner\_work'
[2026-08-18 08:27:52Z INFO HostContext] Well known directory 'Tools': 'C:\Users\esharxhi\Documents\Hello world\actions-runner\_work\_tool'
[2026-08-18 08:27:52Z INFO HostContext] Well known directory 'Bin': 'C:\Users\esharxhi\Documents\Hello world\actions-runner\bin'
[2026-08-18 08:27:52Z INFO HostContext] Well known directory 'Root': 'C:\Users\esharxhi\Documents\Hello world\actions-runner'
[2026-08-18 08:27:52Z INFO HostContext] Well known directory 'Work': 'C:\Users\esharxhi\Documents\Hello world\actions-runner\_work'
[2026-08-18 08:27:52Z INFO HostContext] Well known directory 'Temp': 'C:\Users\esharxhi\Documents\Hello world\actions-runner\_work\_temp'
[2026-08-18 08:27:52Z INFO JobRunner] Getting job extension.
[2026-08-18 08:27:52Z INFO JobRunner] Initialize job. Getting all job steps.
[2026-08-18 08:27:52Z INFO HostContext] Well known directory 'Bin': 'C:\Users\esharxhi\Documents\Hello world\actions-runner\bin'
[2026-08-18 08:27:52Z INFO HostContext] Well known directory 'Root': 'C:\Users\esharxhi\Documents\Hello world\actions-runner'
[2026-08-18 08:27:52Z INFO HostContext] Well known directory 'Diag': 'C:\Users\esharxhi\Documents\Hello world\actions-runner\_diag'
[2026-08-18 08:27:52Z INFO HostContext] Well known directory 'Bin': 'C:\Users\esharxhi\Documents\Hello world\actions-runner\bin'
[2026-08-18 08:27:52Z INFO HostContext] Well known directory 'Root': 'C:\Users\esharxhi\Documents\Hello world\actions-runner'
[2026-08-18 08:27:52Z INFO HostContext] Well known directory 'Diag': 'C:\Users\esharxhi\Documents\Hello world\actions-runner\_diag'
[2026-08-18 08:27:52Z INFO HostContext] Well known directory 'Bin': 'C:\Users\esharxhi\Documents\Hello world\actions-runner\bin'
[2026-08-18 08:27:52Z INFO HostContext] Well known directory 'Root': 'C:\Users\esharxhi\Documents\Hello world\actions-runner'
[2026-08-18 08:27:52Z INFO HostContext] Well known config file 'Credentials': 'C:\Users\esharxhi\Documents\Hello world\actions-runner\.credentials'
[2026-08-18 08:27:52Z INFO HostContext] Well known directory 'Bin': 'C:\Users\esharxhi\Documents\Hello world\actions-runner\bin'
[2026-08-18 08:27:52Z INFO HostContext] Well known directory 'Root': 'C:\Users\esharxhi\Documents\Hello world\actions-runner'
[2026-08-18 08:27:52Z INFO HostContext] Well known config file 'SetupInfo': 'C:\Users\esharxhi\Documents\Hello world\actions-runner\.setup_info'
[2026-08-18 08:27:52Z INFO HostContext] Well known directory 'Bin': 'C:\Users\esharxhi\Documents\Hello world\actions-runner\bin'
[2026-08-18 08:27:52Z INFO HostContext] Well known directory 'Root': 'C:\Users\esharxhi\Documents\Hello world\actions-runner'
[2026-08-18 08:27:52Z INFO HostContext] Well known directory 'Work': 'C:\Users\esharxhi\Documents\Hello world\actions-runner\_work'
[2026-08-18 08:27:52Z INFO PipelineDirectoryManager] Loading tracking config if exists: C:\Users\esharxhi\Documents\Hello world\actions-runner\_work\_PipelineMapping\boransharxhi-oss/Helloworld-workflow\PipelineFolder.json
[2026-08-18 08:27:52Z INFO PipelineDirectoryManager] Updating job run properties.
[2026-08-18 08:27:52Z INFO HostContext] Well known directory 'Bin': 'C:\Users\esharxhi\Documents\Hello world\actions-runner\bin'
[2026-08-18 08:27:52Z INFO HostContext] Well known directory 'Root': 'C:\Users\esharxhi\Documents\Hello world\actions-runner'
[2026-08-18 08:27:52Z INFO HostContext] Well known directory 'Work': 'C:\Users\esharxhi\Documents\Hello world\actions-runner\_work'
[2026-08-18 08:27:52Z INFO HostContext] Well known directory 'Bin': 'C:\Users\esharxhi\Documents\Hello world\actions-runner\bin'
[2026-08-18 08:27:52Z INFO HostContext] Well known directory 'Root': 'C:\Users\esharxhi\Documents\Hello world\actions-runner'
[2026-08-18 08:27:52Z INFO HostContext] Well known directory 'Work': 'C:\Users\esharxhi\Documents\Hello world\actions-runner\_work'
[2026-08-18 08:27:52Z INFO HostContext] Well known directory 'Bin': 'C:\Users\esharxhi\Documents\Hello world\actions-runner\bin'
[2026-08-18 08:27:52Z INFO HostContext] Well known directory 'Root': 'C:\Users\esharxhi\Documents\Hello world\actions-runner'
[2026-08-18 08:27:52Z INFO HostContext] Well known directory 'Work': 'C:\Users\esharxhi\Documents\Hello world\actions-runner\_work'
[2026-08-18 08:27:52Z INFO JobExtension] Downloading actions
[2026-08-18 08:27:52Z INFO HostContext] Well known directory 'Bin': 'C:\Users\esharxhi\Documents\Hello world\actions-runner\bin'
[2026-08-18 08:27:52Z INFO HostContext] Well known directory 'Root': 'C:\Users\esharxhi\Documents\Hello world\actions-runner'
[2026-08-18 08:27:52Z INFO HostContext] Well known directory 'Work': 'C:\Users\esharxhi\Documents\Hello world\actions-runner\_work'
[2026-08-18 08:27:52Z INFO HostContext] Well known directory 'Actions': 'C:\Users\esharxhi\Documents\Hello world\actions-runner\_work\_actions'
[2026-08-18 08:27:52Z INFO Worker] Listening for cancel message from the channel.
[2026-08-18 08:27:52Z INFO Worker] Waiting for the job to complete or for a cancel message from the channel.
[2026-08-18 08:27:53Z INFO ResultServer] Successfully started websocket client.
[2026-08-18 08:27:53Z INFO JobServerQueue] Try to append 1 batches web console lines for record 'df2a174b-cb03-4495-a786-22a209adaa8d', success rate: 1/1.
[2026-08-18 08:27:53Z INFO JobServerQueue] Job timeline record has been updated for the first time.
[2026-08-18 08:27:53Z INFO HostContext] Well known directory 'Bin': 'C:\Users\esharxhi\Documents\Hello world\actions-runner\bin'
[2026-08-18 08:27:53Z INFO HostContext] Well known directory 'Root': 'C:\Users\esharxhi\Documents\Hello world\actions-runner'
[2026-08-18 08:27:53Z INFO HostContext] Well known directory 'Work': 'C:\Users\esharxhi\Documents\Hello world\actions-runner\_work'
[2026-08-18 08:27:53Z INFO HostContext] Well known directory 'Actions': 'C:\Users\esharxhi\Documents\Hello world\actions-runner\_work\_actions'
[2026-08-18 08:27:53Z INFO HostContext] Well known directory 'Bin': 'C:\Users\esharxhi\Documents\Hello world\actions-runner\bin'
[2026-08-18 08:27:53Z INFO HostContext] Well known directory 'Root': 'C:\Users\esharxhi\Documents\Hello world\actions-runner'
[2026-08-18 08:27:53Z INFO HostContext] Well known directory 'Work': 'C:\Users\esharxhi\Documents\Hello world\actions-runner\_work'
[2026-08-18 08:27:53Z INFO HostContext] Well known directory 'Actions': 'C:\Users\esharxhi\Documents\Hello world\actions-runner\_work\_actions'
[2026-08-18 08:27:53Z INFO ActionManager] Save archive 'https://codeload.github.com/actions/checkout/zip/11d5960a326750d5838078e36cf38b85af677262' into C:\Users\esharxhi\Documents\Hello world\actions-runner\_work\_actions\_temp_073a8b2b-0933-47e0-b50a-a01372bd6f9a\409b1c88-8a4e-442b-a183-df82a4637662.zip.
[2026-08-18 08:27:53Z INFO ActionManager] Using Basic token for action archive download.
[2026-08-18 08:27:53Z INFO JobServerQueue] Try to append 1 batches web console lines for record 'df2a174b-cb03-4495-a786-22a209adaa8d', success rate: 1/1.
[2026-08-18 08:27:54Z INFO ActionManager] Request URL: https://codeload.github.com/actions/checkout/zip/11d5960a326750d5838078e36cf38b85af677262 X-GitHub-Request-Id: CA06:219444:3025DE:488530:6A84186E Http Status: OK
[2026-08-18 08:27:55Z INFO ActionManager] Finished getting action repository.
[2026-08-18 08:27:55Z INFO HostContext] Well known directory 'Bin': 'C:\Users\esharxhi\Documents\Hello world\actions-runner\bin'
[2026-08-18 08:27:55Z INFO HostContext] Well known directory 'Root': 'C:\Users\esharxhi\Documents\Hello world\actions-runner'
[2026-08-18 08:27:55Z INFO HostContext] Well known directory 'Work': 'C:\Users\esharxhi\Documents\Hello world\actions-runner\_work'
[2026-08-18 08:27:55Z INFO HostContext] Well known directory 'Actions': 'C:\Users\esharxhi\Documents\Hello world\actions-runner\_work\_actions'
[2026-08-18 08:27:55Z INFO HostContext] Well known directory 'Bin': 'C:\Users\esharxhi\Documents\Hello world\actions-runner\bin'
[2026-08-18 08:27:55Z INFO HostContext] Well known directory 'Root': 'C:\Users\esharxhi\Documents\Hello world\actions-runner'
[2026-08-18 08:27:55Z INFO HostContext] Well known directory 'Work': 'C:\Users\esharxhi\Documents\Hello world\actions-runner\_work'
[2026-08-18 08:27:55Z INFO HostContext] Well known directory 'Actions': 'C:\Users\esharxhi\Documents\Hello world\actions-runner\_work\_actions'
[2026-08-18 08:27:55Z INFO ActionManager] Save archive 'https://codeload.github.com/docker/setup-buildx-action/zip/8d2750c68a42422c14e847fe6c8ac0403b4cbd6f' into C:\Users\esharxhi\Documents\Hello world\actions-runner\_work\_actions\_temp_50c702ee-a14c-4feb-a325-576cd621868e\f8df7186-3428-4148-90fb-f518a3e89e11.zip.
[2026-08-18 08:27:55Z INFO ActionManager] Using Basic token for action archive download.
[2026-08-18 08:27:55Z INFO JobServerQueue] Try to append 1 batches web console lines for record 'df2a174b-cb03-4495-a786-22a209adaa8d', success rate: 1/1.
[2026-08-18 08:27:55Z INFO ActionManager] Request URL: https://codeload.github.com/docker/setup-buildx-action/zip/8d2750c68a42422c14e847fe6c8ac0403b4cbd6f X-GitHub-Request-Id: CA07:364C5A:30F044:495477:6A84186F Http Status: OK
[2026-08-18 08:27:56Z INFO ActionManager] Finished getting action repository.
[2026-08-18 08:27:56Z INFO HostContext] Well known directory 'Bin': 'C:\Users\esharxhi\Documents\Hello world\actions-runner\bin'
[2026-08-18 08:27:56Z INFO HostContext] Well known directory 'Root': 'C:\Users\esharxhi\Documents\Hello world\actions-runner'
[2026-08-18 08:27:56Z INFO HostContext] Well known directory 'Work': 'C:\Users\esharxhi\Documents\Hello world\actions-runner\_work'
[2026-08-18 08:27:56Z INFO HostContext] Well known directory 'Actions': 'C:\Users\esharxhi\Documents\Hello world\actions-runner\_work\_actions'
[2026-08-18 08:27:56Z INFO ActionManifestManagerLegacy] Load schema file with definitions: [
  "null",
  "boolean",
  "number",
  "string",
  "sequence",
  "mapping",
  "any",
  "action-root",
  "inputs",
  "input",
  "outputs",
  "output-definition",
  "runs",
  "container-runs",
  "container-runs-args",
  "container-runs-env",
  "node-runs",
  "plugin-runs",
  "composite-runs",
  "composite-steps",
  "composite-step",
  "run-step",
  "uses-step",
  "container-runs-context",
  "output-value",
  "input-default-context",
  "non-empty-string",
  "string-steps-context",
  "boolean-steps-context",
  "step-env",
  "step-if",
  "step-with"
]
[2026-08-18 08:27:56Z INFO ActionManifestManager] Load schema file with definitions: [
  "null",
  "boolean",
  "number",
  "string",
  "sequence",
  "mapping",
  "any",
  "action-root",
  "inputs",
  "input",
  "outputs",
  "output-definition",
  "runs",
  "container-runs",
  "container-runs-args",
  "container-runs-env",
  "node-runs",
  "plugin-runs",
  "composite-runs",
  "composite-steps",
  "composite-step",
  "run-step",
  "uses-step",
  "container-runs-context",
  "output-value",
  "input-default-context",
  "non-empty-string",
  "string-steps-context",
  "boolean-steps-context",
  "step-env",
  "step-if",
  "step-with"
]
[2026-08-18 08:27:56Z INFO HostContext] Well known directory 'Bin': 'C:\Users\esharxhi\Documents\Hello world\actions-runner\bin'
[2026-08-18 08:27:56Z INFO HostContext] Well known directory 'Root': 'C:\Users\esharxhi\Documents\Hello world\actions-runner'
[2026-08-18 08:27:56Z INFO HostContext] Well known directory 'Work': 'C:\Users\esharxhi\Documents\Hello world\actions-runner\_work'
[2026-08-18 08:27:56Z INFO HostContext] Well known directory 'Actions': 'C:\Users\esharxhi\Documents\Hello world\actions-runner\_work\_actions'
[2026-08-18 08:27:56Z INFO ActionManifestManagerLegacy] Loaded action.yml file: {
  "name": "Checkout",
  "description": "Checkout a Git repository at a particular version",
  "inputs": {
    "type": 2,
    "map": [
      {
        "key": {
          "type": 0,
          "file": 2,
          "line": 4,
          "col": 3,
          "lit": "repository"
        },
        "value": {
          "type": 3,
          "file": 2,
          "line": 6,
          "col": 14,
          "expr": "github.repository"
        }
      },
      {
        "key": {
          "type": 0,
          "file": 2,
          "line": 7,
          "col": 3,
          "lit": "ref"
        },
        "value": ""
      },
      {
        "key": {
          "type": 0,
          "file": 2,
          "line": 12,
          "col": 3,
          "lit": "token"
        },
        "value": {
          "type": 3,
          "file": 2,
          "line": 24,
          "col": 14,
          "expr": "github.token"
        }
      },
      {
        "key": {
          "type": 0,
          "file": 2,
          "line": 25,
          "col": 3,
          "lit": "ssh-key"
        },
        "value": ""
      },
      {
        "key": {
          "type": 0,
          "file": 2,
          "line": 37,
          "col": 3,
          "lit": "ssh-known-hosts"
        },
        "value": ""
      },
      {
        "key": {
          "type": 0,
          "file": 2,
          "line": 42,
          "col": 3,
          "lit": "ssh-strict"
        },
        "value": {
          "type": 0,
          "file": 2,
          "line": 47,
          "col": 14,
          "lit": "true"
        }
      },
      {
        "key": {
          "type": 0,
          "file": 2,
          "line": 48,
          "col": 3,
          "lit": "ssh-user"
        },
        "value": {
          "type": 0,
          "file": 2,
          "line": 51,
          "col": 14,
          "lit": "git"
        }
      },
      {
        "key": {
          "type": 0,
          "file": 2,
          "line": 52,
          "col": 3,
          "lit": "persist-credentials"
        },
        "value": {
          "type": 0,
          "file": 2,
          "line": 54,
          "col": 14,
          "lit": "true"
        }
      },
      {
        "key": {
          "type": 0,
          "file": 2,
          "line": 55,
          "col": 3,
          "lit": "path"
        },
        "value": ""
      },
      {
        "key": {
          "type": 0,
          "file": 2,
          "line": 57,
          "col": 3,
          "lit": "clean"
        },
        "value": {
          "type": 0,
          "file": 2,
          "line": 59,
          "col": 14,
          "lit": "true"
        }
      },
      {
        "key": {
          "type": 0,
          "file": 2,
          "line": 60,
          "col": 3,
          "lit": "filter"
        },
        "value": {
          "type": 0,
          "file": 2,
          "line": 64,
          "col": 14,
          "lit": ""
        }
      },
      {
        "key": {
          "type": 0,
          "file": 2,
          "line": 65,
          "col": 3,
          "lit": "sparse-checkout"
        },
        "value": {
          "type": 0,
          "file": 2,
          "line": 69,
          "col": 14,
          "lit": ""
        }
      },
      {
        "key": {
          "type": 0,
          "file": 2,
          "line": 70,
          "col": 3,
          "lit": "sparse-checkout-cone-mode"
        },
        "value": {
          "type": 0,
          "file": 2,
          "line": 73,
          "col": 14,
          "lit": "true"
        }
      },
      {
        "key": {
          "type": 0,
          "file": 2,
          "line": 74,
          "col": 3,
          "lit": "fetch-depth"
        },
        "value": {
          "type": 0,
          "file": 2,
          "line": 76,
          "col": 14,
          "lit": "1"
        }
      },
      {
        "key": {
          "type": 0,
          "file": 2,
          "line": 77,
          "col": 3,
          "lit": "fetch-tags"
        },
        "value": {
          "type": 0,
          "file": 2,
          "line": 79,
          "col": 14,
          "lit": "false"
        }
      },
      {
        "key": {
          "type": 0,
          "file": 2,
          "line": 80,
          "col": 3,
          "lit": "show-progress"
        },
        "value": {
          "type": 0,
          "file": 2,
          "line": 82,
          "col": 14,
          "lit": "true"
        }
      },
      {
        "key": {
          "type": 0,
          "file": 2,
          "line": 83,
          "col": 3,
          "lit": "lfs"
        },
        "value": {
          "type": 0,
          "file": 2,
          "line": 85,
          "col": 14,
          "lit": "false"
        }
      },
      {
        "key": {
          "type": 0,
          "file": 2,
          "line": 86,
          "col": 3,
          "lit": "submodules"
        },
        "value": {
          "type": 0,
          "file": 2,
          "line": 94,
          "col": 14,
          "lit": "false"
        }
      },
      {
        "key": {
          "type": 0,
          "file": 2,
          "line": 95,
          "col": 3,
          "lit": "set-safe-directory"
        },
        "value": {
          "type": 0,
          "file": 2,
          "line": 97,
          "col": 14,
          "lit": "true"
        }
      },
      {
        "key": {
          "type": 0,
          "file": 2,
          "line": 98,
          "col": 3,
          "lit": "github-server-url"
        },
        "value": ""
      },
      {
        "key": {
          "type": 0,
          "file": 2,
          "line": 101,
          "col": 3,
          "lit": "allow-unsafe-pr-checkout"
        },
        "value": {
          "type": 0,
          "file": 2,
          "line": 109,
          "col": 14,
          "lit": "false"
        }
      }
    ]
  },
  "execution": {
    "executionType": "nodeJS",
    "hasPre": false,
    "hasPost": true,
    "script": "dist/index.js",
    "pre": null,
    "post": "dist/index.js",
    "nodeVersion": "node20",
    "cleanupCondition": "always()",
    "initCondition": "always()"
  },
  "deprecated": null
}
[2026-08-18 08:27:56Z INFO ActionManager] Action node.js file: dist/index.js, no more preparation.
[2026-08-18 08:27:56Z INFO HostContext] Well known directory 'Bin': 'C:\Users\esharxhi\Documents\Hello world\actions-runner\bin'
[2026-08-18 08:27:56Z INFO HostContext] Well known directory 'Root': 'C:\Users\esharxhi\Documents\Hello world\actions-runner'
[2026-08-18 08:27:56Z INFO HostContext] Well known directory 'Work': 'C:\Users\esharxhi\Documents\Hello world\actions-runner\_work'
[2026-08-18 08:27:56Z INFO HostContext] Well known directory 'Actions': 'C:\Users\esharxhi\Documents\Hello world\actions-runner\_work\_actions'
[2026-08-18 08:27:56Z INFO ActionManager] Load action that reference repository from 'C:\Users\esharxhi\Documents\Hello world\actions-runner\_work\_actions\actions\checkout\v4'
[2026-08-18 08:27:56Z INFO HostContext] Well known directory 'Bin': 'C:\Users\esharxhi\Documents\Hello world\actions-runner\bin'
[2026-08-18 08:27:56Z INFO HostContext] Well known directory 'Root': 'C:\Users\esharxhi\Documents\Hello world\actions-runner'
[2026-08-18 08:27:56Z INFO HostContext] Well known directory 'Work': 'C:\Users\esharxhi\Documents\Hello world\actions-runner\_work'
[2026-08-18 08:27:56Z INFO HostContext] Well known directory 'Actions': 'C:\Users\esharxhi\Documents\Hello world\actions-runner\_work\_actions'
[2026-08-18 08:27:56Z INFO ActionManifestManagerLegacy] Loaded action.yml file: {
  "name": "Checkout",
  "description": "Checkout a Git repository at a particular version",
  "inputs": {
    "type": 2,
    "map": [
      {
        "key": {
          "type": 0,
          "file": 2,
          "line": 4,
          "col": 3,
          "lit": "repository"
        },
        "value": {
          "type": 3,
          "file": 2,
          "line": 6,
          "col": 14,
          "expr": "github.repository"
        }
      },
      {
        "key": {
          "type": 0,
          "file": 2,
          "line": 7,
          "col": 3,
          "lit": "ref"
        },
        "value": ""
      },
      {
        "key": {
          "type": 0,
          "file": 2,
          "line": 12,
          "col": 3,
          "lit": "token"
        },
        "value": {
          "type": 3,
          "file": 2,
          "line": 24,
          "col": 14,
          "expr": "github.token"
        }
      },
      {
        "key": {
          "type": 0,
          "file": 2,
          "line": 25,
          "col": 3,
          "lit": "ssh-key"
        },
        "value": ""
      },
      {
        "key": {
          "type": 0,
          "file": 2,
          "line": 37,
          "col": 3,
          "lit": "ssh-known-hosts"
        },
        "value": ""
      },
      {
        "key": {
          "type": 0,
          "file": 2,
          "line": 42,
          "col": 3,
          "lit": "ssh-strict"
        },
        "value": {
          "type": 0,
          "file": 2,
          "line": 47,
          "col": 14,
          "lit": "true"
        }
      },
      {
        "key": {
          "type": 0,
          "file": 2,
          "line": 48,
          "col": 3,
          "lit": "ssh-user"
        },
        "value": {
          "type": 0,
          "file": 2,
          "line": 51,
          "col": 14,
          "lit": "git"
        }
      },
      {
        "key": {
          "type": 0,
          "file": 2,
          "line": 52,
          "col": 3,
          "lit": "persist-credentials"
        },
        "value": {
          "type": 0,
          "file": 2,
          "line": 54,
          "col": 14,
          "lit": "true"
        }
      },
      {
        "key": {
          "type": 0,
          "file": 2,
          "line": 55,
          "col": 3,
          "lit": "path"
        },
        "value": ""
      },
      {
        "key": {
          "type": 0,
          "file": 2,
          "line": 57,
          "col": 3,
          "lit": "clean"
        },
        "value": {
          "type": 0,
          "file": 2,
          "line": 59,
          "col": 14,
          "lit": "true"
        }
      },
      {
        "key": {
          "type": 0,
          "file": 2,
          "line": 60,
          "col": 3,
          "lit": "filter"
        },
        "value": {
          "type": 0,
          "file": 2,
          "line": 64,
          "col": 14,
          "lit": ""
        }
      },
      {
        "key": {
          "type": 0,
          "file": 2,
          "line": 65,
          "col": 3,
          "lit": "sparse-checkout"
        },
        "value": {
          "type": 0,
          "file": 2,
          "line": 69,
          "col": 14,
          "lit": ""
        }
      },
      {
        "key": {
          "type": 0,
          "file": 2,
          "line": 70,
          "col": 3,
          "lit": "sparse-checkout-cone-mode"
        },
        "value": {
          "type": 0,
          "file": 2,
          "line": 73,
          "col": 14,
          "lit": "true"
        }
      },
      {
        "key": {
          "type": 0,
          "file": 2,
          "line": 74,
          "col": 3,
          "lit": "fetch-depth"
        },
        "value": {
          "type": 0,
          "file": 2,
          "line": 76,
          "col": 14,
          "lit": "1"
        }
      },
      {
        "key": {
          "type": 0,
          "file": 2,
          "line": 77,
          "col": 3,
          "lit": "fetch-tags"
        },
        "value": {
          "type": 0,
          "file": 2,
          "line": 79,
          "col": 14,
          "lit": "false"
        }
      },
      {
        "key": {
          "type": 0,
          "file": 2,
          "line": 80,
          "col": 3,
          "lit": "show-progress"
        },
        "value": {
          "type": 0,
          "file": 2,
          "line": 82,
          "col": 14,
          "lit": "true"
        }
      },
      {
        "key": {
          "type": 0,
          "file": 2,
          "line": 83,
          "col": 3,
          "lit": "lfs"
        },
        "value": {
          "type": 0,
          "file": 2,
          "line": 85,
          "col": 14,
          "lit": "false"
        }
      },
      {
        "key": {
          "type": 0,
          "file": 2,
          "line": 86,
          "col": 3,
          "lit": "submodules"
        },
        "value": {
          "type": 0,
          "file": 2,
          "line": 94,
          "col": 14,
          "lit": "false"
        }
      },
      {
        "key": {
          "type": 0,
          "file": 2,
          "line": 95,
          "col": 3,
          "lit": "set-safe-directory"
        },
        "value": {
          "type": 0,
          "file": 2,
          "line": 97,
          "col": 14,
          "lit": "true"
        }
      },
      {
        "key": {
          "type": 0,
          "file": 2,
          "line": 98,
          "col": 3,
          "lit": "github-server-url"
        },
        "value": ""
      },
      {
        "key": {
          "type": 0,
          "file": 2,
          "line": 101,
          "col": 3,
          "lit": "allow-unsafe-pr-checkout"
        },
        "value": {
          "type": 0,
          "file": 2,
          "line": 109,
          "col": 14,
          "lit": "false"
        }
      }
    ]
  },
  "execution": {
    "executionType": "nodeJS",
    "hasPre": false,
    "hasPost": true,
    "script": "dist/index.js",
    "pre": null,
    "post": "dist/index.js",
    "nodeVersion": "node20",
    "cleanupCondition": "always()",
    "initCondition": "always()"
  },
  "deprecated": null
}
[2026-08-18 08:27:56Z INFO ActionManager] Action pre node.js file: N/A.
[2026-08-18 08:27:56Z INFO ActionManager] Action node.js file: dist/index.js.
[2026-08-18 08:27:56Z INFO ActionManager] Action post node.js file: dist/index.js.
[2026-08-18 08:27:56Z INFO HostContext] Well known directory 'Bin': 'C:\Users\esharxhi\Documents\Hello world\actions-runner\bin'
[2026-08-18 08:27:56Z INFO HostContext] Well known directory 'Root': 'C:\Users\esharxhi\Documents\Hello world\actions-runner'
[2026-08-18 08:27:56Z INFO HostContext] Well known directory 'Work': 'C:\Users\esharxhi\Documents\Hello world\actions-runner\_work'
[2026-08-18 08:27:56Z INFO HostContext] Well known directory 'Actions': 'C:\Users\esharxhi\Documents\Hello world\actions-runner\_work\_actions'
[2026-08-18 08:27:56Z INFO HostContext] Well known directory 'Bin': 'C:\Users\esharxhi\Documents\Hello world\actions-runner\bin'
[2026-08-18 08:27:56Z INFO HostContext] Well known directory 'Root': 'C:\Users\esharxhi\Documents\Hello world\actions-runner'
[2026-08-18 08:27:56Z INFO HostContext] Well known directory 'Work': 'C:\Users\esharxhi\Documents\Hello world\actions-runner\_work'
[2026-08-18 08:27:56Z INFO HostContext] Well known directory 'Actions': 'C:\Users\esharxhi\Documents\Hello world\actions-runner\_work\_actions'
[2026-08-18 08:27:56Z INFO ActionManifestManagerLegacy] Ignore action property author.
[2026-08-18 08:27:56Z INFO ActionManifestManagerLegacy] Ignore action property branding.
[2026-08-18 08:27:56Z INFO ActionManifestManagerLegacy] Loaded action.yml file: {
  "name": "Docker Setup Buildx",
  "description": "Set up Docker Buildx",
  "inputs": {
    "type": 2,
    "map": [
      {
        "key": {
          "type": 0,
          "file": 3,
          "line": 10,
          "col": 3,
          "lit": "version"
        },
        "value": ""
      },
      {
        "key": {
          "type": 0,
          "file": 3,
          "line": 13,
          "col": 3,
          "lit": "driver"
        },
        "value": {
          "type": 0,
          "file": 3,
          "line": 15,
          "col": 14,
          "lit": "docker-container"
        }
      },
      {
        "key": {
          "type": 0,
          "file": 3,
          "line": 17,
          "col": 3,
          "lit": "driver-opts"
        },
        "value": ""
      },
      {
        "key": {
          "type": 0,
          "file": 3,
          "line": 20,
          "col": 3,
          "lit": "buildkitd-flags"
        },
        "value": ""
      },
      {
        "key": {
          "type": 0,
          "file": 3,
          "line": 23,
          "col": 3,
          "lit": "buildkitd-config"
        },
        "value": ""
      },
      {
        "key": {
          "type": 0,
          "file": 3,
          "line": 26,
          "col": 3,
          "lit": "buildkitd-config-inline"
        },
        "value": ""
      },
      {
        "key": {
          "type": 0,
          "file": 3,
          "line": 29,
          "col": 3,
          "lit": "use"
        },
        "value": {
          "type": 0,
          "file": 3,
          "line": 31,
          "col": 14,
          "lit": "true"
        }
      },
      {
        "key": {
          "type": 0,
          "file": 3,
          "line": 33,
          "col": 3,
          "lit": "name"
        },
        "value": ""
      },
      {
        "key": {
          "type": 0,
          "file": 3,
          "line": 36,
          "col": 3,
          "lit": "endpoint"
        },
        "value": ""
      },
      {
        "key": {
          "type": 0,
          "file": 3,
          "line": 39,
          "col": 3,
          "lit": "platforms"
        },
        "value": ""
      },
      {
        "key": {
          "type": 0,
          "file": 3,
          "line": 42,
          "col": 3,
          "lit": "append"
        },
        "value": ""
      },
      {
        "key": {
          "type": 0,
          "file": 3,
          "line": 45,
          "col": 3,
          "lit": "keep-state"
        },
        "value": {
          "type": 0,
          "file": 3,
          "line": 47,
          "col": 14,
          "lit": "false"
        }
      },
      {
        "key": {
          "type": 0,
          "file": 3,
          "line": 49,
          "col": 3,
          "lit": "cache-binary"
        },
        "value": {
          "type": 0,
          "file": 3,
          "line": 51,
          "col": 14,
          "lit": "true"
        }
      },
      {
        "key": {
          "type": 0,
          "file": 3,
          "line": 53,
          "col": 3,
          "lit": "cleanup"
        },
        "value": {
          "type": 0,
          "file": 3,
          "line": 55,
          "col": 14,
          "lit": "true"
        }
      },
      {
        "key": {
          "type": 0,
          "file": 3,
          "line": 58,
          "col": 3,
          "lit": "config"
        },
        "value": ""
      },
      {
        "key": {
          "type": 0,
          "file": 3,
          "line": 62,
          "col": 3,
          "lit": "config-inline"
        },
        "value": ""
      },
      {
        "key": {
          "type": 0,
          "file": 3,
          "line": 66,
          "col": 3,
          "lit": "install"
        },
        "value": {
          "type": 0,
          "file": 3,
          "line": 69,
          "col": 14,
          "lit": "false"
        }
      }
    ]
  },
  "execution": {
    "executionType": "nodeJS",
    "hasPre": false,
    "hasPost": true,
    "script": "dist/index.js",
    "pre": null,
    "post": "dist/index.js",
    "nodeVersion": "node20",
    "cleanupCondition": "always()",
    "initCondition": "always()"
  },
  "deprecated": {
    "config": "Use buildkitd-config instead",
    "config-inline": "Use buildkitd-config-inline instead",
    "install": "\"docker buildx install\" command is deprecated and will be removed in a future release, use BUILDX_BUILDER environment variable instead"
  }
}
[2026-08-18 08:27:56Z INFO ActionManager] Action node.js file: dist/index.js, no more preparation.
[2026-08-18 08:27:56Z INFO HostContext] Well known directory 'Bin': 'C:\Users\esharxhi\Documents\Hello world\actions-runner\bin'
[2026-08-18 08:27:56Z INFO HostContext] Well known directory 'Root': 'C:\Users\esharxhi\Documents\Hello world\actions-runner'
[2026-08-18 08:27:56Z INFO HostContext] Well known directory 'Work': 'C:\Users\esharxhi\Documents\Hello world\actions-runner\_work'
[2026-08-18 08:27:56Z INFO HostContext] Well known directory 'Actions': 'C:\Users\esharxhi\Documents\Hello world\actions-runner\_work\_actions'
[2026-08-18 08:27:56Z INFO ActionManager] Load action that reference repository from 'C:\Users\esharxhi\Documents\Hello world\actions-runner\_work\_actions\docker\setup-buildx-action\v3'
[2026-08-18 08:27:56Z INFO HostContext] Well known directory 'Bin': 'C:\Users\esharxhi\Documents\Hello world\actions-runner\bin'
[2026-08-18 08:27:56Z INFO HostContext] Well known directory 'Root': 'C:\Users\esharxhi\Documents\Hello world\actions-runner'
[2026-08-18 08:27:56Z INFO HostContext] Well known directory 'Work': 'C:\Users\esharxhi\Documents\Hello world\actions-runner\_work'
[2026-08-18 08:27:56Z INFO HostContext] Well known directory 'Actions': 'C:\Users\esharxhi\Documents\Hello world\actions-runner\_work\_actions'
[2026-08-18 08:27:56Z INFO ActionManifestManagerLegacy] Ignore action property author.
[2026-08-18 08:27:56Z INFO ActionManifestManagerLegacy] Ignore action property branding.
[2026-08-18 08:27:56Z INFO ActionManifestManagerLegacy] Loaded action.yml file: {
  "name": "Docker Setup Buildx",
  "description": "Set up Docker Buildx",
  "inputs": {
    "type": 2,
    "map": [
      {
        "key": {
          "type": 0,
          "file": 3,
          "line": 10,
          "col": 3,
          "lit": "version"
        },
        "value": ""
      },
      {
        "key": {
          "type": 0,
          "file": 3,
          "line": 13,
          "col": 3,
          "lit": "driver"
        },
        "value": {
          "type": 0,
          "file": 3,
          "line": 15,
          "col": 14,
          "lit": "docker-container"
        }
      },
      {
        "key": {
          "type": 0,
          "file": 3,
          "line": 17,
          "col": 3,
          "lit": "driver-opts"
        },
        "value": ""
      },
      {
        "key": {
          "type": 0,
          "file": 3,
          "line": 20,
          "col": 3,
          "lit": "buildkitd-flags"
        },
        "value": ""
      },
      {
        "key": {
          "type": 0,
          "file": 3,
          "line": 23,
          "col": 3,
          "lit": "buildkitd-config"
        },
        "value": ""
      },
      {
        "key": {
          "type": 0,
          "file": 3,
          "line": 26,
          "col": 3,
          "lit": "buildkitd-config-inline"
        },
        "value": ""
      },
      {
        "key": {
          "type": 0,
          "file": 3,
          "line": 29,
          "col": 3,
          "lit": "use"
        },
        "value": {
          "type": 0,
          "file": 3,
          "line": 31,
          "col": 14,
          "lit": "true"
        }
      },
      {
        "key": {
          "type": 0,
          "file": 3,
          "line": 33,
          "col": 3,
          "lit": "name"
        },
        "value": ""
      },
      {
        "key": {
          "type": 0,
          "file": 3,
          "line": 36,
          "col": 3,
          "lit": "endpoint"
        },
        "value": ""
      },
      {
        "key": {
          "type": 0,
          "file": 3,
          "line": 39,
          "col": 3,
          "lit": "platforms"
        },
        "value": ""
      },
      {
        "key": {
          "type": 0,
          "file": 3,
          "line": 42,
          "col": 3,
          "lit": "append"
        },
        "value": ""
      },
      {
        "key": {
          "type": 0,
          "file": 3,
          "line": 45,
          "col": 3,
          "lit": "keep-state"
        },
        "value": {
          "type": 0,
          "file": 3,
          "line": 47,
          "col": 14,
          "lit": "false"
        }
      },
      {
        "key": {
          "type": 0,
          "file": 3,
          "line": 49,
          "col": 3,
          "lit": "cache-binary"
        },
        "value": {
          "type": 0,
          "file": 3,
          "line": 51,
          "col": 14,
          "lit": "true"
        }
      },
      {
        "key": {
          "type": 0,
          "file": 3,
          "line": 53,
          "col": 3,
          "lit": "cleanup"
        },
        "value": {
          "type": 0,
          "file": 3,
          "line": 55,
          "col": 14,
          "lit": "true"
        }
      },
      {
        "key": {
          "type": 0,
          "file": 3,
          "line": 58,
          "col": 3,
          "lit": "config"
        },
        "value": ""
      },
      {
        "key": {
          "type": 0,
          "file": 3,
          "line": 62,
          "col": 3,
          "lit": "config-inline"
        },
        "value": ""
      },
      {
        "key": {
          "type": 0,
          "file": 3,
          "line": 66,
          "col": 3,
          "lit": "install"
        },
        "value": {
          "type": 0,
          "file": 3,
          "line": 69,
          "col": 14,
          "lit": "false"
        }
      }
    ]
  },
  "execution": {
    "executionType": "nodeJS",
    "hasPre": false,
    "hasPost": true,
    "script": "dist/index.js",
    "pre": null,
    "post": "dist/index.js",
    "nodeVersion": "node20",
    "cleanupCondition": "always()",
    "initCondition": "always()"
  },
  "deprecated": {
    "config": "Use buildkitd-config instead",
    "config-inline": "Use buildkitd-config-inline instead",
    "install": "\"docker buildx install\" command is deprecated and will be removed in a future release, use BUILDX_BUILDER environment variable instead"
  }
}
[2026-08-18 08:27:56Z INFO ActionManager] Action pre node.js file: N/A.
[2026-08-18 08:27:56Z INFO ActionManager] Action node.js file: dist/index.js.
[2026-08-18 08:27:56Z INFO ActionManager] Action post node.js file: dist/index.js.
[2026-08-18 08:27:56Z INFO JobExtension] Adding .
[2026-08-18 08:27:56Z INFO JobExtension] Adding .
[2026-08-18 08:27:56Z INFO JobExtension] Adding .
[2026-08-18 08:27:56Z INFO JobExtension] Adding .
[2026-08-18 08:27:56Z INFO HostContext] Well known directory 'Bin': 'C:\Users\esharxhi\Documents\Hello world\actions-runner\bin'
[2026-08-18 08:27:56Z INFO HostContext] Well known directory 'Root': 'C:\Users\esharxhi\Documents\Hello world\actions-runner'
[2026-08-18 08:27:56Z INFO HostContext] Well known directory 'Diag': 'C:\Users\esharxhi\Documents\Hello world\actions-runner\_diag'
[2026-08-18 08:27:56Z INFO HostContext] Well known directory 'Bin': 'C:\Users\esharxhi\Documents\Hello world\actions-runner\bin'
[2026-08-18 08:27:56Z INFO HostContext] Well known directory 'Root': 'C:\Users\esharxhi\Documents\Hello world\actions-runner'
[2026-08-18 08:27:56Z INFO HostContext] Well known directory 'Diag': 'C:\Users\esharxhi\Documents\Hello world\actions-runner\_diag'
[2026-08-18 08:27:56Z INFO HostContext] Well known directory 'Bin': 'C:\Users\esharxhi\Documents\Hello world\actions-runner\bin'
[2026-08-18 08:27:56Z INFO HostContext] Well known directory 'Root': 'C:\Users\esharxhi\Documents\Hello world\actions-runner'
[2026-08-18 08:27:56Z INFO HostContext] Well known directory 'Diag': 'C:\Users\esharxhi\Documents\Hello world\actions-runner\_diag'
[2026-08-18 08:27:56Z INFO HostContext] Well known directory 'Bin': 'C:\Users\esharxhi\Documents\Hello world\actions-runner\bin'
[2026-08-18 08:27:56Z INFO HostContext] Well known directory 'Root': 'C:\Users\esharxhi\Documents\Hello world\actions-runner'
[2026-08-18 08:27:56Z INFO HostContext] Well known directory 'Diag': 'C:\Users\esharxhi\Documents\Hello world\actions-runner\_diag'
[2026-08-18 08:27:56Z INFO HostContext] Well known directory 'Bin': 'C:\Users\esharxhi\Documents\Hello world\actions-runner\bin'
[2026-08-18 08:27:56Z INFO HostContext] Well known directory 'Root': 'C:\Users\esharxhi\Documents\Hello world\actions-runner'
[2026-08-18 08:27:56Z INFO HostContext] Well known directory 'Diag': 'C:\Users\esharxhi\Documents\Hello world\actions-runner\_diag'
[2026-08-18 08:27:56Z INFO HostContext] Well known directory 'Bin': 'C:\Users\esharxhi\Documents\Hello world\actions-runner\bin'
[2026-08-18 08:27:56Z INFO HostContext] Well known directory 'Root': 'C:\Users\esharxhi\Documents\Hello world\actions-runner'
[2026-08-18 08:27:56Z INFO HostContext] Well known directory 'Diag': 'C:\Users\esharxhi\Documents\Hello world\actions-runner\_diag'
[2026-08-18 08:27:56Z INFO HostContext] Well known directory 'Bin': 'C:\Users\esharxhi\Documents\Hello world\actions-runner\bin'
[2026-08-18 08:27:56Z INFO HostContext] Well known directory 'Root': 'C:\Users\esharxhi\Documents\Hello world\actions-runner'
[2026-08-18 08:27:56Z INFO HostContext] Well known directory 'Diag': 'C:\Users\esharxhi\Documents\Hello world\actions-runner\_diag'
[2026-08-18 08:27:56Z INFO HostContext] Well known directory 'Bin': 'C:\Users\esharxhi\Documents\Hello world\actions-runner\bin'
[2026-08-18 08:27:56Z INFO HostContext] Well known directory 'Root': 'C:\Users\esharxhi\Documents\Hello world\actions-runner'
[2026-08-18 08:27:56Z INFO HostContext] Well known directory 'Diag': 'C:\Users\esharxhi\Documents\Hello world\actions-runner\_diag'
[2026-08-18 08:27:56Z INFO JobExtension] Total accessible running process: 258.
[2026-08-18 08:27:56Z INFO HostContext] Well known directory 'Bin': 'C:\Users\esharxhi\Documents\Hello world\actions-runner\bin'
[2026-08-18 08:27:56Z INFO HostContext] Well known directory 'Root': 'C:\Users\esharxhi\Documents\Hello world\actions-runner'
[2026-08-18 08:27:56Z INFO HostContext] Well known directory 'Work': 'C:\Users\esharxhi\Documents\Hello world\actions-runner\_work'
[2026-08-18 08:27:56Z INFO JobExtension] Start checking server connectivity.
[2026-08-18 08:27:56Z INFO JobExtension] Check server connectivity for https://broker.actions.githubusercontent.com/health.
[2026-08-18 08:27:56Z INFO JobExtension] Check server connectivity for https://token.actions.githubusercontent.com/ready.
[2026-08-18 08:27:56Z INFO JobExtension] Check server connectivity for https://run.actions.githubusercontent.com/health.
[2026-08-18 08:27:56Z INFO JobExtension] Start checking service connectivity in background.
[2026-08-18 08:27:56Z INFO ExecutionContext] Publish step telemetry for current step {
  "action": "setup_job",
  "type": "runner",
  "stage": "Pre",
  "stepId": "df2a174b-cb03-4495-a786-22a209adaa8d",
  "result": "succeeded",
  "errorMessages": [],
  "executionTimeInSeconds": 5,
  "startTime": "2026-08-18T08:27:52.4479449Z",
  "finishTime": "2026-08-18T08:27:56.6204582Z"
}.
[2026-08-18 08:27:56Z INFO JobRunner] Total job steps: 4.
[2026-08-18 08:27:56Z INFO JobRunner] Run all job steps.
[2026-08-18 08:27:56Z INFO DapDebugger] DapDebugger initialized
[2026-08-18 08:27:56Z INFO StepsRunner] Processing step: DisplayName='Checkout code'
[2026-08-18 08:27:56Z INFO StepsRunner] Evaluating: success()
[2026-08-18 08:27:56Z INFO StepsRunner] Result: true
[2026-08-18 08:27:56Z INFO StepsRunner] Starting the step.
[2026-08-18 08:27:56Z INFO HostContext] Well known directory 'Bin': 'C:\Users\esharxhi\Documents\Hello world\actions-runner\bin'
[2026-08-18 08:27:56Z INFO HostContext] Well known directory 'Root': 'C:\Users\esharxhi\Documents\Hello world\actions-runner'
[2026-08-18 08:27:56Z INFO HostContext] Well known directory 'Work': 'C:\Users\esharxhi\Documents\Hello world\actions-runner\_work'
[2026-08-18 08:27:56Z INFO StepsRunner] Which2: 'chcp'
[2026-08-18 08:27:56Z INFO StepsRunner] Location: 'C:\Windows\system32\chcp.COM'
[2026-08-18 08:27:56Z INFO ProcessInvokerWrapper] Starting process:
[2026-08-18 08:27:56Z INFO ProcessInvokerWrapper]   File name: 'C:\Windows\system32\chcp.COM'
[2026-08-18 08:27:56Z INFO ProcessInvokerWrapper]   Arguments: '65001'
[2026-08-18 08:27:56Z INFO ProcessInvokerWrapper]   Working directory: 'C:\Users\esharxhi\Documents\Hello world\actions-runner\_work'
[2026-08-18 08:27:56Z INFO ProcessInvokerWrapper]   Require exit code zero: 'False'
[2026-08-18 08:27:56Z INFO ProcessInvokerWrapper]   Encoding web name:  ; code page: ''
[2026-08-18 08:27:56Z INFO ProcessInvokerWrapper]   Force kill process on cancellation: 'False'
[2026-08-18 08:27:56Z INFO ProcessInvokerWrapper]   Redirected STDIN: 'False'
[2026-08-18 08:27:56Z INFO ProcessInvokerWrapper]   Persist current code page: 'True'
[2026-08-18 08:27:56Z INFO ProcessInvokerWrapper]   Keep redirected STDIN open: 'False'
[2026-08-18 08:27:56Z INFO ProcessInvokerWrapper]   High priority process: 'False'
[2026-08-18 08:27:56Z INFO ProcessInvokerWrapper] Process started with process id 12240, waiting for process exit.
[2026-08-18 08:27:56Z INFO JobServerQueue] Try to append 1 batches web console lines for record 'df2a174b-cb03-4495-a786-22a209adaa8d', success rate: 1/1.
[2026-08-18 08:27:56Z INFO ProcessInvokerWrapper] STDOUT/STDERR stream read finished.
[2026-08-18 08:27:56Z INFO ProcessInvokerWrapper] STDOUT/STDERR stream read finished.
[2026-08-18 08:27:56Z INFO ProcessInvokerWrapper] Finished process 12240 with exit code 0, and elapsed time 00:00:00.0710434.
[2026-08-18 08:27:56Z INFO StepsRunner] Successfully returned to code page 65001 (UTF8)
[2026-08-18 08:27:56Z INFO HostContext] Well known directory 'Bin': 'C:\Users\esharxhi\Documents\Hello world\actions-runner\bin'
[2026-08-18 08:27:56Z INFO HostContext] Well known directory 'Root': 'C:\Users\esharxhi\Documents\Hello world\actions-runner'
[2026-08-18 08:27:56Z INFO HostContext] Well known directory 'Work': 'C:\Users\esharxhi\Documents\Hello world\actions-runner\_work'
[2026-08-18 08:27:56Z INFO HostContext] Well known directory 'Actions': 'C:\Users\esharxhi\Documents\Hello world\actions-runner\_work\_actions'
[2026-08-18 08:27:56Z INFO ActionManager] Load action that reference repository from 'C:\Users\esharxhi\Documents\Hello world\actions-runner\_work\_actions\actions\checkout\v4'
[2026-08-18 08:27:56Z INFO HostContext] Well known directory 'Bin': 'C:\Users\esharxhi\Documents\Hello world\actions-runner\bin'
[2026-08-18 08:27:56Z INFO HostContext] Well known directory 'Root': 'C:\Users\esharxhi\Documents\Hello world\actions-runner'
[2026-08-18 08:27:56Z INFO HostContext] Well known directory 'Work': 'C:\Users\esharxhi\Documents\Hello world\actions-runner\_work'
[2026-08-18 08:27:56Z INFO HostContext] Well known directory 'Actions': 'C:\Users\esharxhi\Documents\Hello world\actions-runner\_work\_actions'
[2026-08-18 08:27:56Z INFO ActionManifestManagerLegacy] Loaded action.yml file: {
  "name": "Checkout",
  "description": "Checkout a Git repository at a particular version",
  "inputs": {
    "type": 2,
    "map": [
      {
        "key": {
          "type": 0,
          "file": 2,
          "line": 4,
          "col": 3,
          "lit": "repository"
        },
        "value": {
          "type": 3,
          "file": 2,
          "line": 6,
          "col": 14,
          "expr": "github.repository"
        }
      },
      {
        "key": {
          "type": 0,
          "file": 2,
          "line": 7,
          "col": 3,
          "lit": "ref"
        },
        "value": ""
      },
      {
        "key": {
          "type": 0,
          "file": 2,
          "line": 12,
          "col": 3,
          "lit": "token"
        },
        "value": {
          "type": 3,
          "file": 2,
          "line": 24,
          "col": 14,
          "expr": "github.token"
        }
      },
      {
        "key": {
          "type": 0,
          "file": 2,
          "line": 25,
          "col": 3,
          "lit": "ssh-key"
        },
        "value": ""
      },
      {
        "key": {
          "type": 0,
          "file": 2,
          "line": 37,
          "col": 3,
          "lit": "ssh-known-hosts"
        },
        "value": ""
      },
      {
        "key": {
          "type": 0,
          "file": 2,
          "line": 42,
          "col": 3,
          "lit": "ssh-strict"
        },
        "value": {
          "type": 0,
          "file": 2,
          "line": 47,
          "col": 14,
          "lit": "true"
        }
      },
      {
        "key": {
          "type": 0,
          "file": 2,
          "line": 48,
          "col": 3,
          "lit": "ssh-user"
        },
        "value": {
          "type": 0,
          "file": 2,
          "line": 51,
          "col": 14,
          "lit": "git"
        }
      },
      {
        "key": {
          "type": 0,
          "file": 2,
          "line": 52,
          "col": 3,
          "lit": "persist-credentials"
        },
        "value": {
          "type": 0,
          "file": 2,
          "line": 54,
          "col": 14,
          "lit": "true"
        }
      },
      {
        "key": {
          "type": 0,
          "file": 2,
          "line": 55,
          "col": 3,
          "lit": "path"
        },
        "value": ""
      },
      {
        "key": {
          "type": 0,
          "file": 2,
          "line": 57,
          "col": 3,
          "lit": "clean"
        },
        "value": {
          "type": 0,
          "file": 2,
          "line": 59,
          "col": 14,
          "lit": "true"
        }
      },
      {
        "key": {
          "type": 0,
          "file": 2,
          "line": 60,
          "col": 3,
          "lit": "filter"
        },
        "value": {
          "type": 0,
          "file": 2,
          "line": 64,
          "col": 14,
          "lit": ""
        }
      },
      {
        "key": {
          "type": 0,
          "file": 2,
          "line": 65,
          "col": 3,
          "lit": "sparse-checkout"
        },
        "value": {
          "type": 0,
          "file": 2,
          "line": 69,
          "col": 14,
          "lit": ""
        }
      },
      {
        "key": {
          "type": 0,
          "file": 2,
          "line": 70,
          "col": 3,
          "lit": "sparse-checkout-cone-mode"
        },
        "value": {
          "type": 0,
          "file": 2,
          "line": 73,
          "col": 14,
          "lit": "true"
        }
      },
      {
        "key": {
          "type": 0,
          "file": 2,
          "line": 74,
          "col": 3,
          "lit": "fetch-depth"
        },
        "value": {
          "type": 0,
          "file": 2,
          "line": 76,
          "col": 14,
          "lit": "1"
        }
      },
      {
        "key": {
          "type": 0,
          "file": 2,
          "line": 77,
          "col": 3,
          "lit": "fetch-tags"
        },
        "value": {
          "type": 0,
          "file": 2,
          "line": 79,
          "col": 14,
          "lit": "false"
        }
      },
      {
        "key": {
          "type": 0,
          "file": 2,
          "line": 80,
          "col": 3,
          "lit": "show-progress"
        },
        "value": {
          "type": 0,
          "file": 2,
          "line": 82,
          "col": 14,
          "lit": "true"
        }
      },
      {
        "key": {
          "type": 0,
          "file": 2,
          "line": 83,
          "col": 3,
          "lit": "lfs"
        },
        "value": {
          "type": 0,
          "file": 2,
          "line": 85,
          "col": 14,
          "lit": "false"
        }
      },
      {
        "key": {
          "type": 0,
          "file": 2,
          "line": 86,
          "col": 3,
          "lit": "submodules"
        },
        "value": {
          "type": 0,
          "file": 2,
          "line": 94,
          "col": 14,
          "lit": "false"
        }
      },
      {
        "key": {
          "type": 0,
          "file": 2,
          "line": 95,
          "col": 3,
          "lit": "set-safe-directory"
        },
        "value": {
          "type": 0,
          "file": 2,
          "line": 97,
          "col": 14,
          "lit": "true"
        }
      },
      {
        "key": {
          "type": 0,
          "file": 2,
          "line": 98,
          "col": 3,
          "lit": "github-server-url"
        },
        "value": ""
      },
      {
        "key": {
          "type": 0,
          "file": 2,
          "line": 101,
          "col": 3,
          "lit": "allow-unsafe-pr-checkout"
        },
        "value": {
          "type": 0,
          "file": 2,
          "line": 109,
          "col": 14,
          "lit": "false"
        }
      }
    ]
  },
  "execution": {
    "executionType": "nodeJS",
    "hasPre": false,
    "hasPost": true,
    "script": "dist/index.js",
    "pre": null,
    "post": "dist/index.js",
    "nodeVersion": "node20",
    "cleanupCondition": "always()",
    "initCondition": "always()"
  },
  "deprecated": null
}
[2026-08-18 08:27:56Z INFO ActionManager] Action pre node.js file: N/A.
[2026-08-18 08:27:56Z INFO ActionManager] Action node.js file: dist/index.js.
[2026-08-18 08:27:56Z INFO ActionManager] Action post node.js file: dist/index.js.
[2026-08-18 08:27:56Z INFO ExecutionContext] Reserve record order 6 to 10 for post job actions.
[2026-08-18 08:27:56Z INFO HostContext] Well known directory 'Bin': 'C:\Users\esharxhi\Documents\Hello world\actions-runner\bin'
[2026-08-18 08:27:56Z INFO HostContext] Well known directory 'Root': 'C:\Users\esharxhi\Documents\Hello world\actions-runner'
[2026-08-18 08:27:56Z INFO HostContext] Well known directory 'Diag': 'C:\Users\esharxhi\Documents\Hello world\actions-runner\_diag'
[2026-08-18 08:27:56Z INFO HostContext] Well known directory 'Bin': 'C:\Users\esharxhi\Documents\Hello world\actions-runner\bin'
[2026-08-18 08:27:56Z INFO HostContext] Well known directory 'Root': 'C:\Users\esharxhi\Documents\Hello world\actions-runner'
[2026-08-18 08:27:56Z INFO HostContext] Well known directory 'Diag': 'C:\Users\esharxhi\Documents\Hello world\actions-runner\_diag'
[2026-08-18 08:27:56Z INFO HostContext] Well known directory 'Bin': 'C:\Users\esharxhi\Documents\Hello world\actions-runner\bin'
[2026-08-18 08:27:56Z INFO HostContext] Well known directory 'Root': 'C:\Users\esharxhi\Documents\Hello world\actions-runner'
[2026-08-18 08:27:56Z INFO HostContext] Well known directory 'Work': 'C:\Users\esharxhi\Documents\Hello world\actions-runner\_work'
[2026-08-18 08:27:56Z INFO HostContext] Well known directory 'Temp': 'C:\Users\esharxhi\Documents\Hello world\actions-runner\_work\_temp'
[2026-08-18 08:27:56Z INFO ExecutionContext] Write event payload to C:\Users\esharxhi\Documents\Hello world\actions-runner\_work\_temp\_github_workflow\event.json
[2026-08-18 08:27:56Z INFO HostContext] Well known directory 'Bin': 'C:\Users\esharxhi\Documents\Hello world\actions-runner\bin'
[2026-08-18 08:27:56Z INFO HostContext] Well known directory 'Root': 'C:\Users\esharxhi\Documents\Hello world\actions-runner'
[2026-08-18 08:27:56Z INFO HostContext] Well known directory 'Work': 'C:\Users\esharxhi\Documents\Hello world\actions-runner\_work'
[2026-08-18 08:27:56Z INFO HostContext] Well known directory 'Temp': 'C:\Users\esharxhi\Documents\Hello world\actions-runner\_work\_temp'
[2026-08-18 08:27:56Z INFO ExtensionManager] Getting extensions for interface: 'GitHub.Runner.Worker.IFileCommandExtension'
[2026-08-18 08:27:56Z INFO ExtensionManager] Creating instance: GitHub.Runner.Worker.AddPathFileCommand, Runner.Worker
[2026-08-18 08:27:56Z INFO ExtensionManager] Creating instance: GitHub.Runner.Worker.SetEnvFileCommand, Runner.Worker
[2026-08-18 08:27:56Z INFO ExtensionManager] Creating instance: GitHub.Runner.Worker.CreateStepSummaryCommand, Runner.Worker
[2026-08-18 08:27:56Z INFO ExtensionManager] Creating instance: GitHub.Runner.Worker.SaveStateFileCommand, Runner.Worker
[2026-08-18 08:27:56Z INFO ExtensionManager] Creating instance: GitHub.Runner.Worker.SetOutputFileCommand, Runner.Worker
[2026-08-18 08:27:56Z INFO ExtensionManager] Creating instance: GitHub.Runner.Worker.CreateArtifactsFileCommand, Runner.Worker
[2026-08-18 08:27:56Z INFO ExtensionManager] Creating instance: GitHub.Runner.Worker.ArtifactsListFileCommand, Runner.Worker
[2026-08-18 08:27:56Z INFO ActionManifestManagerLegacy] Input 'repository': default value evaluate result: {
  "type": 0,
  "file": 2,
  "line": 6,
  "col": 14,
  "lit": "boransharxhi-oss/Helloworld-workflow"
}
[2026-08-18 08:27:56Z INFO ActionManifestManagerLegacy] Input 'ref': default value evaluate result: ""
[2026-08-18 08:27:56Z INFO ActionManifestManagerLegacy] Input 'token': default value evaluate result: {
  "type": 0,
  "file": 2,
  "line": 24,
  "col": 14,
  "lit": "***"
}
[2026-08-18 08:27:56Z INFO ActionManifestManagerLegacy] Input 'ssh-key': default value evaluate result: ""
[2026-08-18 08:27:56Z INFO ActionManifestManagerLegacy] Input 'ssh-known-hosts': default value evaluate result: ""
[2026-08-18 08:27:56Z INFO ActionManifestManagerLegacy] Input 'ssh-strict': default value evaluate result: {
  "type": 0,
  "file": 2,
  "line": 47,
  "col": 14,
  "lit": "true"
}
[2026-08-18 08:27:56Z INFO ActionManifestManagerLegacy] Input 'ssh-user': default value evaluate result: {
  "type": 0,
  "file": 2,
  "line": 51,
  "col": 14,
  "lit": "git"
}
[2026-08-18 08:27:56Z INFO ActionManifestManagerLegacy] Input 'persist-credentials': default value evaluate result: {
  "type": 0,
  "file": 2,
  "line": 54,
  "col": 14,
  "lit": "true"
}
[2026-08-18 08:27:56Z INFO ActionManifestManagerLegacy] Input 'path': default value evaluate result: ""
[2026-08-18 08:27:56Z INFO ActionManifestManagerLegacy] Input 'clean': default value evaluate result: {
  "type": 0,
  "file": 2,
  "line": 59,
  "col": 14,
  "lit": "true"
}
[2026-08-18 08:27:56Z INFO ActionManifestManagerLegacy] Input 'filter': default value evaluate result: {
  "type": 0,
  "file": 2,
  "line": 64,
  "col": 14,
  "lit": ""
}
[2026-08-18 08:27:56Z INFO ActionManifestManagerLegacy] Input 'sparse-checkout': default value evaluate result: {
  "type": 0,
  "file": 2,
  "line": 69,
  "col": 14,
  "lit": ""
}
[2026-08-18 08:27:56Z INFO ActionManifestManagerLegacy] Input 'sparse-checkout-cone-mode': default value evaluate result: {
  "type": 0,
  "file": 2,
  "line": 73,
  "col": 14,
  "lit": "true"
}
[2026-08-18 08:27:56Z INFO ActionManifestManagerLegacy] Input 'fetch-depth': default value evaluate result: {
  "type": 0,
  "file": 2,
  "line": 76,
  "col": 14,
  "lit": "1"
}
[2026-08-18 08:27:56Z INFO ActionManifestManagerLegacy] Input 'fetch-tags': default value evaluate result: {
  "type": 0,
  "file": 2,
  "line": 79,
  "col": 14,
  "lit": "false"
}
[2026-08-18 08:27:56Z INFO ActionManifestManagerLegacy] Input 'show-progress': default value evaluate result: {
  "type": 0,
  "file": 2,
  "line": 82,
  "col": 14,
  "lit": "true"
}
[2026-08-18 08:27:56Z INFO ActionManifestManagerLegacy] Input 'lfs': default value evaluate result: {
  "type": 0,
  "file": 2,
  "line": 85,
  "col": 14,
  "lit": "false"
}
[2026-08-18 08:27:56Z INFO ActionManifestManagerLegacy] Input 'submodules': default value evaluate result: {
  "type": 0,
  "file": 2,
  "line": 94,
  "col": 14,
  "lit": "false"
}
[2026-08-18 08:27:56Z INFO ActionManifestManagerLegacy] Input 'set-safe-directory': default value evaluate result: {
  "type": 0,
  "file": 2,
  "line": 97,
  "col": 14,
  "lit": "true"
}
[2026-08-18 08:27:56Z INFO ActionManifestManagerLegacy] Input 'github-server-url': default value evaluate result: ""
[2026-08-18 08:27:56Z INFO ActionManifestManagerLegacy] Input 'allow-unsafe-pr-checkout': default value evaluate result: {
  "type": 0,
  "file": 2,
  "line": 109,
  "col": 14,
  "lit": "false"
}
[2026-08-18 08:27:56Z INFO ExtensionManager] Getting extensions for interface: 'GitHub.Runner.Worker.IActionCommandExtension'
[2026-08-18 08:27:56Z INFO ExtensionManager] Creating instance: GitHub.Runner.Worker.InternalPluginSetRepoPathCommandExtension, Runner.Worker
[2026-08-18 08:27:56Z INFO ExtensionManager] Creating instance: GitHub.Runner.Worker.SetEnvCommandExtension, Runner.Worker
[2026-08-18 08:27:56Z INFO ExtensionManager] Creating instance: GitHub.Runner.Worker.SetOutputCommandExtension, Runner.Worker
[2026-08-18 08:27:56Z INFO ExtensionManager] Creating instance: GitHub.Runner.Worker.SaveStateCommandExtension, Runner.Worker
[2026-08-18 08:27:56Z INFO ExtensionManager] Creating instance: GitHub.Runner.Worker.AddPathCommandExtension, Runner.Worker
[2026-08-18 08:27:56Z INFO ExtensionManager] Creating instance: GitHub.Runner.Worker.AddMaskCommandExtension, Runner.Worker
[2026-08-18 08:27:56Z INFO ExtensionManager] Creating instance: GitHub.Runner.Worker.AddMatcherCommandExtension, Runner.Worker
[2026-08-18 08:27:56Z INFO ExtensionManager] Creating instance: GitHub.Runner.Worker.RemoveMatcherCommandExtension, Runner.Worker
[2026-08-18 08:27:56Z INFO ExtensionManager] Creating instance: GitHub.Runner.Worker.WarningCommandExtension, Runner.Worker
[2026-08-18 08:27:56Z INFO ExtensionManager] Creating instance: GitHub.Runner.Worker.ErrorCommandExtension, Runner.Worker
[2026-08-18 08:27:56Z INFO ExtensionManager] Creating instance: GitHub.Runner.Worker.NoticeCommandExtension, Runner.Worker
[2026-08-18 08:27:56Z INFO ExtensionManager] Creating instance: GitHub.Runner.Worker.DebugCommandExtension, Runner.Worker
[2026-08-18 08:27:56Z INFO ExtensionManager] Creating instance: GitHub.Runner.Worker.GroupCommandExtension, Runner.Worker
[2026-08-18 08:27:56Z INFO ExtensionManager] Creating instance: GitHub.Runner.Worker.EndGroupCommandExtension, Runner.Worker
[2026-08-18 08:27:56Z INFO ExtensionManager] Creating instance: GitHub.Runner.Worker.EchoCommandExtension, Runner.Worker
[2026-08-18 08:27:56Z INFO ActionCommandManager] Register action command extension for command internal-set-repo-path
[2026-08-18 08:27:56Z INFO ActionCommandManager] Register action command extension for command set-env
[2026-08-18 08:27:56Z INFO ActionCommandManager] Register action command extension for command set-output
[2026-08-18 08:27:56Z INFO ActionCommandManager] Register action command extension for command save-state
[2026-08-18 08:27:56Z INFO ActionCommandManager] Register action command extension for command add-path
[2026-08-18 08:27:56Z INFO ActionCommandManager] Register action command extension for command add-mask
[2026-08-18 08:27:56Z INFO ActionCommandManager] Register action command extension for command add-matcher
[2026-08-18 08:27:56Z INFO ActionCommandManager] Register action command extension for command remove-matcher
[2026-08-18 08:27:56Z INFO ActionCommandManager] Register action command extension for command warning
[2026-08-18 08:27:56Z INFO ActionCommandManager] Register action command extension for command error
[2026-08-18 08:27:56Z INFO ActionCommandManager] Register action command extension for command notice
[2026-08-18 08:27:56Z INFO ActionCommandManager] Register action command extension for command debug
[2026-08-18 08:27:56Z INFO ActionCommandManager] Register action command extension for command group
[2026-08-18 08:27:56Z INFO ActionCommandManager] Register action command extension for command endgroup
[2026-08-18 08:27:56Z INFO ActionCommandManager] Register action command extension for command echo
[2026-08-18 08:27:56Z INFO HostContext] Well known directory 'Bin': 'C:\Users\esharxhi\Documents\Hello world\actions-runner\bin'
[2026-08-18 08:27:56Z INFO HostContext] Well known directory 'Root': 'C:\Users\esharxhi\Documents\Hello world\actions-runner'
[2026-08-18 08:27:56Z INFO HostContext] Well known directory 'Externals': 'C:\Users\esharxhi\Documents\Hello world\actions-runner\externals'
[2026-08-18 08:27:56Z INFO ProcessInvokerWrapper] Starting process:
[2026-08-18 08:27:56Z INFO ProcessInvokerWrapper]   File name: 'C:\Users\esharxhi\Documents\Hello world\actions-runner\externals\node24\bin\node.exe'
[2026-08-18 08:27:56Z INFO ProcessInvokerWrapper]   Arguments: '"C:\Users\esharxhi\Documents\Hello world\actions-runner\_work\_actions\actions\checkout\v4\dist/index.js"'
[2026-08-18 08:27:56Z INFO ProcessInvokerWrapper]   Working directory: 'C:\Users\esharxhi\Documents\Hello world\actions-runner\_work\Helloworld-workflow\Helloworld-workflow'
[2026-08-18 08:27:56Z INFO ProcessInvokerWrapper]   Require exit code zero: 'False'
[2026-08-18 08:27:56Z INFO ProcessInvokerWrapper]   Encoding web name: utf-8 ; code page: '65001'
[2026-08-18 08:27:56Z INFO ProcessInvokerWrapper]   Force kill process on cancellation: 'False'
[2026-08-18 08:27:56Z INFO ProcessInvokerWrapper]   Redirected STDIN: 'False'
[2026-08-18 08:27:56Z INFO ProcessInvokerWrapper]   Persist current code page: 'True'
[2026-08-18 08:27:56Z INFO ProcessInvokerWrapper]   Keep redirected STDIN open: 'False'
[2026-08-18 08:27:56Z INFO ProcessInvokerWrapper]   High priority process: 'False'
[2026-08-18 08:27:56Z INFO ProcessInvokerWrapper] Process started with process id 15028, waiting for process exit.
[2026-08-18 08:27:56Z INFO JobServerQueue] Try to append 1 batches web console lines for record '6958d455-870d-45a1-965c-8a6c85f2407a', success rate: 1/1.
[2026-08-18 08:27:57Z INFO JobServerQueue] Try to append 1 batches web console lines for record '6958d455-870d-45a1-965c-8a6c85f2407a', success rate: 1/1.
[2026-08-18 08:27:57Z INFO AddMaskCommandExtension] Add new secret mask with length of 524
[2026-08-18 08:27:57Z INFO JobServerQueue] Got a step log file to send to results service.
[2026-08-18 08:27:57Z INFO JobServerQueue] Starting upload of step log file to results service ResultsLog, C:\Users\esharxhi\Documents\Hello world\actions-runner\_diag\blocks\a234d8e1-64a0-40bd-b7c6-a96a193c1ea4_df2a174b-cb03-4495-a786-22a209adaa8d.1
[2026-08-18 08:27:57Z INFO JobServerQueue] Try to upload 1 log files or attachments, success rate: 1/1.
[2026-08-18 08:27:57Z INFO JobServerQueue] Try to append 1 batches web console lines for record '6958d455-870d-45a1-965c-8a6c85f2407a', success rate: 1/1.
[2026-08-18 08:27:57Z INFO JobServerQueue] Try to append 1 batches web console lines for record '6958d455-870d-45a1-965c-8a6c85f2407a', success rate: 1/1.
[2026-08-18 08:27:58Z INFO JobServerQueue] Try to append 1 batches web console lines for record '6958d455-870d-45a1-965c-8a6c85f2407a', success rate: 1/1.
[2026-08-18 08:27:58Z INFO JobServerQueue] Tried to upload 1 file(s) to results, success rate: 1/1.
[2026-08-18 08:27:59Z INFO JobServerQueue] Try to append 1 batches web console lines for record '6958d455-870d-45a1-965c-8a6c85f2407a', success rate: 1/1.
[2026-08-18 08:27:59Z INFO JobServerQueue] Try to append 1 batches web console lines for record '6958d455-870d-45a1-965c-8a6c85f2407a', success rate: 1/1.
[2026-08-18 08:28:02Z INFO JobServerQueue] Try to append 1 batches web console lines for record '6958d455-870d-45a1-965c-8a6c85f2407a', success rate: 1/1.
[2026-08-18 08:28:03Z INFO JobServerQueue] Try to append 1 batches web console lines for record '6958d455-870d-45a1-965c-8a6c85f2407a', success rate: 1/1.
[2026-08-18 08:28:03Z INFO JobServerQueue] Try to append 1 batches web console lines for record '6958d455-870d-45a1-965c-8a6c85f2407a', success rate: 1/1.
[2026-08-18 08:28:03Z INFO JobServerQueue] Try to append 1 batches web console lines for record '6958d455-870d-45a1-965c-8a6c85f2407a', success rate: 1/1.
[2026-08-18 08:28:06Z INFO HostContext] Well known directory 'Bin': 'C:\Users\esharxhi\Documents\Hello world\actions-runner\bin'
[2026-08-18 08:28:06Z INFO HostContext] Well known directory 'Root': 'C:\Users\esharxhi\Documents\Hello world\actions-runner'
[2026-08-18 08:28:06Z INFO HostContext] Well known directory 'Work': 'C:\Users\esharxhi\Documents\Hello world\actions-runner\_work'
[2026-08-18 08:28:07Z INFO JobServerQueue] Try to append 1 batches web console lines for record '6958d455-870d-45a1-965c-8a6c85f2407a', success rate: 1/1.
[2026-08-18 08:28:11Z INFO JobServerQueue] Try to append 1 batches web console lines for record '6958d455-870d-45a1-965c-8a6c85f2407a', success rate: 1/1.
[2026-08-18 08:28:11Z INFO JobServerQueue] Try to append 1 batches web console lines for record '6958d455-870d-45a1-965c-8a6c85f2407a', success rate: 1/1.
[2026-08-18 08:28:15Z INFO JobServerQueue] Try to append 1 batches web console lines for record '6958d455-870d-45a1-965c-8a6c85f2407a', success rate: 1/1.
[2026-08-18 08:28:16Z INFO JobServerQueue] Try to append 1 batches web console lines for record '6958d455-870d-45a1-965c-8a6c85f2407a', success rate: 1/1.
[2026-08-18 08:28:16Z INFO JobServerQueue] Try to append 1 batches web console lines for record '6958d455-870d-45a1-965c-8a6c85f2407a', success rate: 1/1.
[2026-08-18 08:28:16Z INFO HostContext] Well known directory 'Bin': 'C:\Users\esharxhi\Documents\Hello world\actions-runner\bin'
[2026-08-18 08:28:16Z INFO HostContext] Well known directory 'Root': 'C:\Users\esharxhi\Documents\Hello world\actions-runner'
[2026-08-18 08:28:16Z INFO HostContext] Well known directory 'Work': 'C:\Users\esharxhi\Documents\Hello world\actions-runner\_work'
[2026-08-18 08:28:19Z INFO JobServerQueue] Try to append 1 batches web console lines for record '6958d455-870d-45a1-965c-8a6c85f2407a', success rate: 1/1.
[2026-08-18 08:28:19Z INFO JobServerQueue] Try to append 1 batches web console lines for record '6958d455-870d-45a1-965c-8a6c85f2407a', success rate: 1/1.
[2026-08-18 08:28:19Z INFO JobServerQueue] Try to append 1 batches web console lines for record '6958d455-870d-45a1-965c-8a6c85f2407a', success rate: 1/1.
[2026-08-18 08:28:20Z INFO JobServerQueue] Try to append 1 batches web console lines for record '6958d455-870d-45a1-965c-8a6c85f2407a', success rate: 1/1.
[2026-08-18 08:28:20Z INFO JobServerQueue] Try to append 1 batches web console lines for record '6958d455-870d-45a1-965c-8a6c85f2407a', success rate: 1/1.
[2026-08-18 08:28:20Z INFO JobServerQueue] Try to append 1 batches web console lines for record '6958d455-870d-45a1-965c-8a6c85f2407a', success rate: 1/1.
[2026-08-18 08:28:20Z INFO ProcessInvokerWrapper] STDOUT/STDERR stream read finished.
[2026-08-18 08:28:20Z INFO ProcessInvokerWrapper] STDOUT/STDERR stream read finished.
[2026-08-18 08:28:20Z INFO ProcessInvokerWrapper] Finished process 15028 with exit code 0, and elapsed time 00:00:23.8828494.
[2026-08-18 08:28:20Z INFO CreateStepSummaryCommand] Step Summary file (C:\Users\esharxhi\Documents\Hello world\actions-runner\_work\_temp\_runner_file_commands\step_summary_fe0b986e-8ef3-484a-8f62-38c731f1ff33) is empty; skipping attachment upload
[2026-08-18 08:28:20Z INFO StepsRunner] Step result: 
[2026-08-18 08:28:20Z INFO ExecutionContext] Publish step telemetry for current step {
  "action": "actions/checkout",
  "ref": "v4",
  "type": "node24",
  "stage": "Main",
  "stepId": "6958d455-870d-45a1-965c-8a6c85f2407a",
  "stepContextName": "__actions_checkout",
  "hasPreStep": false,
  "hasPostStep": true,
  "result": "succeeded",
  "errorMessages": [],
  "executionTimeInSeconds": 25,
  "startTime": "2026-08-18T08:27:56.642726Z",
  "finishTime": "2026-08-18T08:28:20.7652995Z"
}.
[2026-08-18 08:28:20Z INFO StepsRunner] No need for updating job result with current step result 'Succeeded'.
[2026-08-18 08:28:20Z INFO StepsRunner] Current state: job state = ''
[2026-08-18 08:28:20Z INFO StepsRunner] Processing step: DisplayName='Set up Docker Buildx'
[2026-08-18 08:28:20Z INFO StepsRunner] Evaluating: success()
[2026-08-18 08:28:20Z INFO StepsRunner] Result: true
[2026-08-18 08:28:20Z INFO StepsRunner] Starting the step.
[2026-08-18 08:28:20Z INFO HostContext] Well known directory 'Bin': 'C:\Users\esharxhi\Documents\Hello world\actions-runner\bin'
[2026-08-18 08:28:20Z INFO HostContext] Well known directory 'Root': 'C:\Users\esharxhi\Documents\Hello world\actions-runner'
[2026-08-18 08:28:20Z INFO HostContext] Well known directory 'Work': 'C:\Users\esharxhi\Documents\Hello world\actions-runner\_work'
[2026-08-18 08:28:20Z INFO StepsRunner] Which2: 'chcp'
[2026-08-18 08:28:20Z INFO StepsRunner] Location: 'C:\Windows\system32\chcp.COM'
[2026-08-18 08:28:20Z INFO ProcessInvokerWrapper] Starting process:
[2026-08-18 08:28:20Z INFO ProcessInvokerWrapper]   File name: 'C:\Windows\system32\chcp.COM'
[2026-08-18 08:28:20Z INFO ProcessInvokerWrapper]   Arguments: '65001'
[2026-08-18 08:28:20Z INFO ProcessInvokerWrapper]   Working directory: 'C:\Users\esharxhi\Documents\Hello world\actions-runner\_work'
[2026-08-18 08:28:20Z INFO ProcessInvokerWrapper]   Require exit code zero: 'False'
[2026-08-18 08:28:20Z INFO ProcessInvokerWrapper]   Encoding web name:  ; code page: ''
[2026-08-18 08:28:20Z INFO ProcessInvokerWrapper]   Force kill process on cancellation: 'False'
[2026-08-18 08:28:20Z INFO ProcessInvokerWrapper]   Redirected STDIN: 'False'
[2026-08-18 08:28:20Z INFO ProcessInvokerWrapper]   Persist current code page: 'True'
[2026-08-18 08:28:20Z INFO ProcessInvokerWrapper]   Keep redirected STDIN open: 'False'
[2026-08-18 08:28:20Z INFO ProcessInvokerWrapper]   High priority process: 'False'
[2026-08-18 08:28:20Z INFO ProcessInvokerWrapper] Process started with process id 6512, waiting for process exit.
[2026-08-18 08:28:20Z INFO JobServerQueue] Try to append 1 batches web console lines for record '6958d455-870d-45a1-965c-8a6c85f2407a', success rate: 1/1.
[2026-08-18 08:28:20Z INFO ProcessInvokerWrapper] STDOUT/STDERR stream read finished.
[2026-08-18 08:28:20Z INFO ProcessInvokerWrapper] STDOUT/STDERR stream read finished.
[2026-08-18 08:28:20Z INFO ProcessInvokerWrapper] Finished process 6512 with exit code 0, and elapsed time 00:00:00.0716134.
[2026-08-18 08:28:20Z INFO StepsRunner] Successfully returned to code page 65001 (UTF8)
[2026-08-18 08:28:20Z INFO HostContext] Well known directory 'Bin': 'C:\Users\esharxhi\Documents\Hello world\actions-runner\bin'
[2026-08-18 08:28:20Z INFO HostContext] Well known directory 'Root': 'C:\Users\esharxhi\Documents\Hello world\actions-runner'
[2026-08-18 08:28:20Z INFO HostContext] Well known directory 'Work': 'C:\Users\esharxhi\Documents\Hello world\actions-runner\_work'
[2026-08-18 08:28:20Z INFO HostContext] Well known directory 'Actions': 'C:\Users\esharxhi\Documents\Hello world\actions-runner\_work\_actions'
[2026-08-18 08:28:20Z INFO ActionManager] Load action that reference repository from 'C:\Users\esharxhi\Documents\Hello world\actions-runner\_work\_actions\docker\setup-buildx-action\v3'
[2026-08-18 08:28:20Z INFO HostContext] Well known directory 'Bin': 'C:\Users\esharxhi\Documents\Hello world\actions-runner\bin'
[2026-08-18 08:28:20Z INFO HostContext] Well known directory 'Root': 'C:\Users\esharxhi\Documents\Hello world\actions-runner'
[2026-08-18 08:28:20Z INFO HostContext] Well known directory 'Work': 'C:\Users\esharxhi\Documents\Hello world\actions-runner\_work'
[2026-08-18 08:28:20Z INFO HostContext] Well known directory 'Actions': 'C:\Users\esharxhi\Documents\Hello world\actions-runner\_work\_actions'
[2026-08-18 08:28:20Z INFO ActionManifestManagerLegacy] Ignore action property author.
[2026-08-18 08:28:20Z INFO ActionManifestManagerLegacy] Ignore action property branding.
[2026-08-18 08:28:20Z INFO ActionManifestManagerLegacy] Loaded action.yml file: {
  "name": "Docker Setup Buildx",
  "description": "Set up Docker Buildx",
  "inputs": {
    "type": 2,
    "map": [
      {
        "key": {
          "type": 0,
          "file": 3,
          "line": 10,
          "col": 3,
          "lit": "version"
        },
        "value": ""
      },
      {
        "key": {
          "type": 0,
          "file": 3,
          "line": 13,
          "col": 3,
          "lit": "driver"
        },
        "value": {
          "type": 0,
          "file": 3,
          "line": 15,
          "col": 14,
          "lit": "docker-container"
        }
      },
      {
        "key": {
          "type": 0,
          "file": 3,
          "line": 17,
          "col": 3,
          "lit": "driver-opts"
        },
        "value": ""
      },
      {
        "key": {
          "type": 0,
          "file": 3,
          "line": 20,
          "col": 3,
          "lit": "buildkitd-flags"
        },
        "value": ""
      },
      {
        "key": {
          "type": 0,
          "file": 3,
          "line": 23,
          "col": 3,
          "lit": "buildkitd-config"
        },
        "value": ""
      },
      {
        "key": {
          "type": 0,
          "file": 3,
          "line": 26,
          "col": 3,
          "lit": "buildkitd-config-inline"
        },
        "value": ""
      },
      {
        "key": {
          "type": 0,
          "file": 3,
          "line": 29,
          "col": 3,
          "lit": "use"
        },
        "value": {
          "type": 0,
          "file": 3,
          "line": 31,
          "col": 14,
          "lit": "true"
        }
      },
      {
        "key": {
          "type": 0,
          "file": 3,
          "line": 33,
          "col": 3,
          "lit": "name"
        },
        "value": ""
      },
      {
        "key": {
          "type": 0,
          "file": 3,
          "line": 36,
          "col": 3,
          "lit": "endpoint"
        },
        "value": ""
      },
      {
        "key": {
          "type": 0,
          "file": 3,
          "line": 39,
          "col": 3,
          "lit": "platforms"
        },
        "value": ""
      },
      {
        "key": {
          "type": 0,
          "file": 3,
          "line": 42,
          "col": 3,
          "lit": "append"
        },
        "value": ""
      },
      {
        "key": {
          "type": 0,
          "file": 3,
          "line": 45,
          "col": 3,
          "lit": "keep-state"
        },
        "value": {
          "type": 0,
          "file": 3,
          "line": 47,
          "col": 14,
          "lit": "false"
        }
      },
      {
        "key": {
          "type": 0,
          "file": 3,
          "line": 49,
          "col": 3,
          "lit": "cache-binary"
        },
        "value": {
          "type": 0,
          "file": 3,
          "line": 51,
          "col": 14,
          "lit": "true"
        }
      },
      {
        "key": {
          "type": 0,
          "file": 3,
          "line": 53,
          "col": 3,
          "lit": "cleanup"
        },
        "value": {
          "type": 0,
          "file": 3,
          "line": 55,
          "col": 14,
          "lit": "true"
        }
      },
      {
        "key": {
          "type": 0,
          "file": 3,
          "line": 58,
          "col": 3,
          "lit": "config"
        },
        "value": ""
      },
      {
        "key": {
          "type": 0,
          "file": 3,
          "line": 62,
          "col": 3,
          "lit": "config-inline"
        },
        "value": ""
      },
      {
        "key": {
          "type": 0,
          "file": 3,
          "line": 66,
          "col": 3,
          "lit": "install"
        },
        "value": {
          "type": 0,
          "file": 3,
          "line": 69,
          "col": 14,
          "lit": "false"
        }
      }
    ]
  },
  "execution": {
    "executionType": "nodeJS",
    "hasPre": false,
    "hasPost": true,
    "script": "dist/index.js",
    "pre": null,
    "post": "dist/index.js",
    "nodeVersion": "node20",
    "cleanupCondition": "always()",
    "initCondition": "always()"
  },
  "deprecated": {
    "config": "Use buildkitd-config instead",
    "config-inline": "Use buildkitd-config-inline instead",
    "install": "\"docker buildx install\" command is deprecated and will be removed in a future release, use BUILDX_BUILDER environment variable instead"
  }
}
[2026-08-18 08:28:20Z INFO ActionManager] Action pre node.js file: N/A.
[2026-08-18 08:28:20Z INFO ActionManager] Action node.js file: dist/index.js.
[2026-08-18 08:28:20Z INFO ActionManager] Action post node.js file: dist/index.js.
[2026-08-18 08:28:20Z INFO HostContext] Well known directory 'Bin': 'C:\Users\esharxhi\Documents\Hello world\actions-runner\bin'
[2026-08-18 08:28:20Z INFO HostContext] Well known directory 'Root': 'C:\Users\esharxhi\Documents\Hello world\actions-runner'
[2026-08-18 08:28:20Z INFO HostContext] Well known directory 'Diag': 'C:\Users\esharxhi\Documents\Hello world\actions-runner\_diag'
[2026-08-18 08:28:20Z INFO HostContext] Well known directory 'Bin': 'C:\Users\esharxhi\Documents\Hello world\actions-runner\bin'
[2026-08-18 08:28:20Z INFO HostContext] Well known directory 'Root': 'C:\Users\esharxhi\Documents\Hello world\actions-runner'
[2026-08-18 08:28:20Z INFO HostContext] Well known directory 'Diag': 'C:\Users\esharxhi\Documents\Hello world\actions-runner\_diag'
[2026-08-18 08:28:20Z INFO HostContext] Well known directory 'Bin': 'C:\Users\esharxhi\Documents\Hello world\actions-runner\bin'
[2026-08-18 08:28:20Z INFO HostContext] Well known directory 'Root': 'C:\Users\esharxhi\Documents\Hello world\actions-runner'
[2026-08-18 08:28:20Z INFO HostContext] Well known directory 'Work': 'C:\Users\esharxhi\Documents\Hello world\actions-runner\_work'
[2026-08-18 08:28:20Z INFO HostContext] Well known directory 'Temp': 'C:\Users\esharxhi\Documents\Hello world\actions-runner\_work\_temp'
[2026-08-18 08:28:20Z INFO ExecutionContext] Write event payload to C:\Users\esharxhi\Documents\Hello world\actions-runner\_work\_temp\_github_workflow\event.json
[2026-08-18 08:28:20Z INFO HostContext] Well known directory 'Bin': 'C:\Users\esharxhi\Documents\Hello world\actions-runner\bin'
[2026-08-18 08:28:20Z INFO HostContext] Well known directory 'Root': 'C:\Users\esharxhi\Documents\Hello world\actions-runner'
[2026-08-18 08:28:20Z INFO HostContext] Well known directory 'Work': 'C:\Users\esharxhi\Documents\Hello world\actions-runner\_work'
[2026-08-18 08:28:20Z INFO HostContext] Well known directory 'Temp': 'C:\Users\esharxhi\Documents\Hello world\actions-runner\_work\_temp'
[2026-08-18 08:28:20Z INFO ExtensionManager] Getting extensions for interface: 'GitHub.Runner.Worker.IFileCommandExtension'
[2026-08-18 08:28:20Z INFO ActionManifestManagerLegacy] Input 'version': default value evaluate result: ""
[2026-08-18 08:28:20Z INFO ActionManifestManagerLegacy] Input 'driver': default value evaluate result: {
  "type": 0,
  "file": 3,
  "line": 15,
  "col": 14,
  "lit": "docker-container"
}
[2026-08-18 08:28:20Z INFO ActionManifestManagerLegacy] Input 'driver-opts': default value evaluate result: ""
[2026-08-18 08:28:20Z INFO ActionManifestManagerLegacy] Input 'buildkitd-flags': default value evaluate result: ""
[2026-08-18 08:28:20Z INFO ActionManifestManagerLegacy] Input 'buildkitd-config': default value evaluate result: ""
[2026-08-18 08:28:20Z INFO ActionManifestManagerLegacy] Input 'buildkitd-config-inline': default value evaluate result: ""
[2026-08-18 08:28:20Z INFO ActionManifestManagerLegacy] Input 'use': default value evaluate result: {
  "type": 0,
  "file": 3,
  "line": 31,
  "col": 14,
  "lit": "true"
}
[2026-08-18 08:28:20Z INFO ActionManifestManagerLegacy] Input 'name': default value evaluate result: ""
[2026-08-18 08:28:20Z INFO ActionManifestManagerLegacy] Input 'endpoint': default value evaluate result: ""
[2026-08-18 08:28:20Z INFO ActionManifestManagerLegacy] Input 'platforms': default value evaluate result: ""
[2026-08-18 08:28:20Z INFO ActionManifestManagerLegacy] Input 'append': default value evaluate result: ""
[2026-08-18 08:28:20Z INFO ActionManifestManagerLegacy] Input 'keep-state': default value evaluate result: {
  "type": 0,
  "file": 3,
  "line": 47,
  "col": 14,
  "lit": "false"
}
[2026-08-18 08:28:20Z INFO ActionManifestManagerLegacy] Input 'cache-binary': default value evaluate result: {
  "type": 0,
  "file": 3,
  "line": 51,
  "col": 14,
  "lit": "true"
}
[2026-08-18 08:28:20Z INFO ActionManifestManagerLegacy] Input 'cleanup': default value evaluate result: {
  "type": 0,
  "file": 3,
  "line": 55,
  "col": 14,
  "lit": "true"
}
[2026-08-18 08:28:20Z INFO ActionManifestManagerLegacy] Input 'config': default value evaluate result: ""
[2026-08-18 08:28:20Z INFO ActionManifestManagerLegacy] Input 'config-inline': default value evaluate result: ""
[2026-08-18 08:28:20Z INFO ActionManifestManagerLegacy] Input 'install': default value evaluate result: {
  "type": 0,
  "file": 3,
  "line": 69,
  "col": 14,
  "lit": "false"
}
[2026-08-18 08:28:20Z INFO ExtensionManager] Getting extensions for interface: 'GitHub.Runner.Worker.IActionCommandExtension'
[2026-08-18 08:28:20Z INFO ActionCommandManager] Register action command extension for command internal-set-repo-path
[2026-08-18 08:28:20Z INFO ActionCommandManager] Register action command extension for command set-env
[2026-08-18 08:28:20Z INFO ActionCommandManager] Register action command extension for command set-output
[2026-08-18 08:28:20Z INFO ActionCommandManager] Register action command extension for command save-state
[2026-08-18 08:28:20Z INFO ActionCommandManager] Register action command extension for command add-path
[2026-08-18 08:28:20Z INFO ActionCommandManager] Register action command extension for command add-mask
[2026-08-18 08:28:20Z INFO ActionCommandManager] Register action command extension for command add-matcher
[2026-08-18 08:28:20Z INFO ActionCommandManager] Register action command extension for command remove-matcher
[2026-08-18 08:28:20Z INFO ActionCommandManager] Register action command extension for command warning
[2026-08-18 08:28:20Z INFO ActionCommandManager] Register action command extension for command error
[2026-08-18 08:28:20Z INFO ActionCommandManager] Register action command extension for command notice
[2026-08-18 08:28:20Z INFO ActionCommandManager] Register action command extension for command debug
[2026-08-18 08:28:20Z INFO ActionCommandManager] Register action command extension for command group
[2026-08-18 08:28:20Z INFO ActionCommandManager] Register action command extension for command endgroup
[2026-08-18 08:28:20Z INFO ActionCommandManager] Register action command extension for command echo
[2026-08-18 08:28:20Z INFO HostContext] Well known directory 'Bin': 'C:\Users\esharxhi\Documents\Hello world\actions-runner\bin'
[2026-08-18 08:28:20Z INFO HostContext] Well known directory 'Root': 'C:\Users\esharxhi\Documents\Hello world\actions-runner'
[2026-08-18 08:28:20Z INFO HostContext] Well known directory 'Externals': 'C:\Users\esharxhi\Documents\Hello world\actions-runner\externals'
[2026-08-18 08:28:20Z INFO ProcessInvokerWrapper] Starting process:
[2026-08-18 08:28:20Z INFO ProcessInvokerWrapper]   File name: 'C:\Users\esharxhi\Documents\Hello world\actions-runner\externals\node24\bin\node.exe'
[2026-08-18 08:28:20Z INFO ProcessInvokerWrapper]   Arguments: '"C:\Users\esharxhi\Documents\Hello world\actions-runner\_work\_actions\docker\setup-buildx-action\v3\dist/index.js"'
[2026-08-18 08:28:20Z INFO ProcessInvokerWrapper]   Working directory: 'C:\Users\esharxhi\Documents\Hello world\actions-runner\_work\Helloworld-workflow\Helloworld-workflow'
[2026-08-18 08:28:20Z INFO ProcessInvokerWrapper]   Require exit code zero: 'False'
[2026-08-18 08:28:20Z INFO ProcessInvokerWrapper]   Encoding web name: utf-8 ; code page: '65001'
[2026-08-18 08:28:20Z INFO ProcessInvokerWrapper]   Force kill process on cancellation: 'False'
[2026-08-18 08:28:20Z INFO ProcessInvokerWrapper]   Redirected STDIN: 'False'
[2026-08-18 08:28:20Z INFO ProcessInvokerWrapper]   Persist current code page: 'True'
[2026-08-18 08:28:20Z INFO ProcessInvokerWrapper]   Keep redirected STDIN open: 'False'
[2026-08-18 08:28:20Z INFO ProcessInvokerWrapper]   High priority process: 'False'
[2026-08-18 08:28:20Z INFO ProcessInvokerWrapper] Process started with process id 16764, waiting for process exit.
[2026-08-18 08:28:21Z INFO JobServerQueue] Try to append 1 batches web console lines for record '646e4cd0-f488-4ba0-92a8-6ac9a195e43d', success rate: 1/1.
[2026-08-18 08:28:21Z INFO JobServerQueue] Try to upload 1 log files or attachments, success rate: 1/1.
[2026-08-18 08:28:21Z INFO JobServerQueue] Got a step log file to send to results service.
[2026-08-18 08:28:21Z INFO JobServerQueue] Starting upload of step log file to results service ResultsLog, C:\Users\esharxhi\Documents\Hello world\actions-runner\_diag\blocks\a234d8e1-64a0-40bd-b7c6-a96a193c1ea4_6958d455-870d-45a1-965c-8a6c85f2407a.1
[2026-08-18 08:28:22Z INFO JobServerQueue] Try to append 1 batches web console lines for record '646e4cd0-f488-4ba0-92a8-6ac9a195e43d', success rate: 1/1.
[2026-08-18 08:28:22Z INFO JobServerQueue] Tried to upload 1 file(s) to results, success rate: 1/1.
[2026-08-18 08:28:22Z INFO JobServerQueue] Try to append 1 batches web console lines for record '646e4cd0-f488-4ba0-92a8-6ac9a195e43d', success rate: 1/1.
[2026-08-18 08:28:22Z INFO JobServerQueue] Try to append 1 batches web console lines for record '646e4cd0-f488-4ba0-92a8-6ac9a195e43d', success rate: 1/1.
[2026-08-18 08:28:23Z INFO JobServerQueue] Try to append 1 batches web console lines for record '646e4cd0-f488-4ba0-92a8-6ac9a195e43d', success rate: 1/1.
[2026-08-18 08:28:23Z INFO JobServerQueue] Try to append 1 batches web console lines for record '646e4cd0-f488-4ba0-92a8-6ac9a195e43d', success rate: 1/1.
[2026-08-18 08:28:24Z INFO JobServerQueue] Try to append 1 batches web console lines for record '646e4cd0-f488-4ba0-92a8-6ac9a195e43d', success rate: 1/1.
[2026-08-18 08:28:25Z INFO JobServerQueue] Try to append 1 batches web console lines for record '646e4cd0-f488-4ba0-92a8-6ac9a195e43d', success rate: 1/1.
[2026-08-18 08:28:25Z INFO ProcessInvokerWrapper] STDOUT/STDERR stream read finished.
[2026-08-18 08:28:25Z INFO ProcessInvokerWrapper] STDOUT/STDERR stream read finished.
[2026-08-18 08:28:26Z INFO ProcessInvokerWrapper] Finished process 16764 with exit code 1, and elapsed time 00:00:05.1082950.
[2026-08-18 08:28:26Z INFO JobServerQueue] Try to append 1 batches web console lines for record '646e4cd0-f488-4ba0-92a8-6ac9a195e43d', success rate: 1/1.
[2026-08-18 08:28:26Z INFO CreateStepSummaryCommand] Step Summary file (C:\Users\esharxhi\Documents\Hello world\actions-runner\_work\_temp\_runner_file_commands\step_summary_697d87ec-eb3c-462b-8add-9f58d90c79d8) is empty; skipping attachment upload
[2026-08-18 08:28:26Z INFO StepsRunner] Step result: Failed
[2026-08-18 08:28:26Z INFO ExecutionContext] Publish step telemetry for current step {
  "action": "docker/setup-buildx-action",
  "ref": "v3",
  "type": "node24",
  "stage": "Main",
  "stepId": "646e4cd0-f488-4ba0-92a8-6ac9a195e43d",
  "stepContextName": "__docker_setup-buildx-action",
  "hasPreStep": false,
  "hasPostStep": true,
  "result": "failed",
  "errorMessages": [
    "ERROR: failed to initialize builder builder-884bef86-3abd-41ba-9438-b5a70469acc5 (builder-884bef86-3abd-41ba-9438-b5a70469acc50): failed to connect to the docker API at npipe:////./pipe/dockerDesktopLinuxEngine; check if the path is correct and if the daem"
  ],
  "executionTimeInSeconds": 6,
  "startTime": "2026-08-18T08:28:20.7677659Z",
  "finishTime": "2026-08-18T08:28:26.0219227Z"
}.
[2026-08-18 08:28:26Z INFO StepsRunner] Update job result with current step result 'Failed'.
[2026-08-18 08:28:26Z INFO StepsRunner] Current state: job state = 'Failed'
[2026-08-18 08:28:26Z INFO StepsRunner] Processing step: DisplayName='Build Docker image'
[2026-08-18 08:28:26Z INFO StepsRunner] Evaluating: success()
[2026-08-18 08:28:26Z INFO StepsRunner] Result: false
[2026-08-18 08:28:26Z INFO StepsRunner] Skipping step due to condition evaluation.
[2026-08-18 08:28:26Z INFO StepsRunner] No need for updating job result with current step result 'Skipped'.
[2026-08-18 08:28:26Z INFO StepsRunner] Current state: job state = 'Failed'
[2026-08-18 08:28:26Z INFO StepsRunner] Processing step: DisplayName='Test Docker image'
[2026-08-18 08:28:26Z INFO StepsRunner] Evaluating: success()
[2026-08-18 08:28:26Z INFO StepsRunner] Result: false
[2026-08-18 08:28:26Z INFO StepsRunner] Skipping step due to condition evaluation.
[2026-08-18 08:28:26Z INFO StepsRunner] No need for updating job result with current step result 'Skipped'.
[2026-08-18 08:28:26Z INFO StepsRunner] Current state: job state = 'Failed'
[2026-08-18 08:28:26Z INFO StepsRunner] Processing step: DisplayName='Post Set up Docker Buildx'
[2026-08-18 08:28:26Z INFO StepsRunner] Evaluating: always()
[2026-08-18 08:28:26Z INFO StepsRunner] Result: true
[2026-08-18 08:28:26Z INFO StepsRunner] Starting the step.
[2026-08-18 08:28:26Z INFO HostContext] Well known directory 'Bin': 'C:\Users\esharxhi\Documents\Hello world\actions-runner\bin'
[2026-08-18 08:28:26Z INFO HostContext] Well known directory 'Root': 'C:\Users\esharxhi\Documents\Hello world\actions-runner'
[2026-08-18 08:28:26Z INFO HostContext] Well known directory 'Work': 'C:\Users\esharxhi\Documents\Hello world\actions-runner\_work'
[2026-08-18 08:28:26Z INFO StepsRunner] Which2: 'chcp'
[2026-08-18 08:28:26Z INFO StepsRunner] Location: 'C:\Windows\system32\chcp.COM'
[2026-08-18 08:28:26Z INFO ProcessInvokerWrapper] Starting process:
[2026-08-18 08:28:26Z INFO ProcessInvokerWrapper]   File name: 'C:\Windows\system32\chcp.COM'
[2026-08-18 08:28:26Z INFO ProcessInvokerWrapper]   Arguments: '65001'
[2026-08-18 08:28:26Z INFO ProcessInvokerWrapper]   Working directory: 'C:\Users\esharxhi\Documents\Hello world\actions-runner\_work'
[2026-08-18 08:28:26Z INFO ProcessInvokerWrapper]   Require exit code zero: 'False'
[2026-08-18 08:28:26Z INFO ProcessInvokerWrapper]   Encoding web name:  ; code page: ''
[2026-08-18 08:28:26Z INFO ProcessInvokerWrapper]   Force kill process on cancellation: 'False'
[2026-08-18 08:28:26Z INFO ProcessInvokerWrapper]   Redirected STDIN: 'False'
[2026-08-18 08:28:26Z INFO ProcessInvokerWrapper]   Persist current code page: 'True'
[2026-08-18 08:28:26Z INFO ProcessInvokerWrapper]   Keep redirected STDIN open: 'False'
[2026-08-18 08:28:26Z INFO ProcessInvokerWrapper]   High priority process: 'False'
[2026-08-18 08:28:26Z INFO ProcessInvokerWrapper] Process started with process id 1396, waiting for process exit.
[2026-08-18 08:28:26Z INFO ProcessInvokerWrapper] STDOUT/STDERR stream read finished.
[2026-08-18 08:28:26Z INFO ProcessInvokerWrapper] STDOUT/STDERR stream read finished.
[2026-08-18 08:28:26Z INFO ProcessInvokerWrapper] Finished process 1396 with exit code 0, and elapsed time 00:00:00.0713342.
[2026-08-18 08:28:26Z INFO StepsRunner] Successfully returned to code page 65001 (UTF8)
[2026-08-18 08:28:26Z INFO HostContext] Well known directory 'Bin': 'C:\Users\esharxhi\Documents\Hello world\actions-runner\bin'
[2026-08-18 08:28:26Z INFO HostContext] Well known directory 'Root': 'C:\Users\esharxhi\Documents\Hello world\actions-runner'
[2026-08-18 08:28:26Z INFO HostContext] Well known directory 'Work': 'C:\Users\esharxhi\Documents\Hello world\actions-runner\_work'
[2026-08-18 08:28:26Z INFO HostContext] Well known directory 'Actions': 'C:\Users\esharxhi\Documents\Hello world\actions-runner\_work\_actions'
[2026-08-18 08:28:26Z INFO ActionManager] Load action that reference repository from 'C:\Users\esharxhi\Documents\Hello world\actions-runner\_work\_actions\docker\setup-buildx-action\v3'
[2026-08-18 08:28:26Z INFO HostContext] Well known directory 'Bin': 'C:\Users\esharxhi\Documents\Hello world\actions-runner\bin'
[2026-08-18 08:28:26Z INFO HostContext] Well known directory 'Root': 'C:\Users\esharxhi\Documents\Hello world\actions-runner'
[2026-08-18 08:28:26Z INFO HostContext] Well known directory 'Work': 'C:\Users\esharxhi\Documents\Hello world\actions-runner\_work'
[2026-08-18 08:28:26Z INFO HostContext] Well known directory 'Actions': 'C:\Users\esharxhi\Documents\Hello world\actions-runner\_work\_actions'
[2026-08-18 08:28:26Z INFO ActionManifestManagerLegacy] Ignore action property author.
[2026-08-18 08:28:26Z INFO ActionManifestManagerLegacy] Ignore action property branding.
[2026-08-18 08:28:26Z INFO ActionManifestManagerLegacy] Loaded action.yml file: {
  "name": "Docker Setup Buildx",
  "description": "Set up Docker Buildx",
  "inputs": {
    "type": 2,
    "map": [
      {
        "key": {
          "type": 0,
          "file": 3,
          "line": 10,
          "col": 3,
          "lit": "version"
        },
        "value": ""
      },
      {
        "key": {
          "type": 0,
          "file": 3,
          "line": 13,
          "col": 3,
          "lit": "driver"
        },
        "value": {
          "type": 0,
          "file": 3,
          "line": 15,
          "col": 14,
          "lit": "docker-container"
        }
      },
      {
        "key": {
          "type": 0,
          "file": 3,
          "line": 17,
          "col": 3,
          "lit": "driver-opts"
        },
        "value": ""
      },
      {
        "key": {
          "type": 0,
          "file": 3,
          "line": 20,
          "col": 3,
          "lit": "buildkitd-flags"
        },
        "value": ""
      },
      {
        "key": {
          "type": 0,
          "file": 3,
          "line": 23,
          "col": 3,
          "lit": "buildkitd-config"
        },
        "value": ""
      },
      {
        "key": {
          "type": 0,
          "file": 3,
          "line": 26,
          "col": 3,
          "lit": "buildkitd-config-inline"
        },
        "value": ""
      },
      {
        "key": {
          "type": 0,
          "file": 3,
          "line": 29,
          "col": 3,
          "lit": "use"
        },
        "value": {
          "type": 0,
          "file": 3,
          "line": 31,
          "col": 14,
          "lit": "true"
        }
      },
      {
        "key": {
          "type": 0,
          "file": 3,
          "line": 33,
          "col": 3,
          "lit": "name"
        },
        "value": ""
      },
      {
        "key": {
          "type": 0,
          "file": 3,
          "line": 36,
          "col": 3,
          "lit": "endpoint"
        },
        "value": ""
      },
      {
        "key": {
          "type": 0,
          "file": 3,
          "line": 39,
          "col": 3,
          "lit": "platforms"
        },
        "value": ""
      },
      {
        "key": {
          "type": 0,
          "file": 3,
          "line": 42,
          "col": 3,
          "lit": "append"
        },
        "value": ""
      },
      {
        "key": {
          "type": 0,
          "file": 3,
          "line": 45,
          "col": 3,
          "lit": "keep-state"
        },
        "value": {
          "type": 0,
          "file": 3,
          "line": 47,
          "col": 14,
          "lit": "false"
        }
      },
      {
        "key": {
          "type": 0,
          "file": 3,
          "line": 49,
          "col": 3,
          "lit": "cache-binary"
        },
        "value": {
          "type": 0,
          "file": 3,
          "line": 51,
          "col": 14,
          "lit": "true"
        }
      },
      {
        "key": {
          "type": 0,
          "file": 3,
          "line": 53,
          "col": 3,
          "lit": "cleanup"
        },
        "value": {
          "type": 0,
          "file": 3,
          "line": 55,
          "col": 14,
          "lit": "true"
        }
      },
      {
        "key": {
          "type": 0,
          "file": 3,
          "line": 58,
          "col": 3,
          "lit": "config"
        },
        "value": ""
      },
      {
        "key": {
          "type": 0,
          "file": 3,
          "line": 62,
          "col": 3,
          "lit": "config-inline"
        },
        "value": ""
      },
      {
        "key": {
          "type": 0,
          "file": 3,
          "line": 66,
          "col": 3,
          "lit": "install"
        },
        "value": {
          "type": 0,
          "file": 3,
          "line": 69,
          "col": 14,
          "lit": "false"
        }
      }
    ]
  },
  "execution": {
    "executionType": "nodeJS",
    "hasPre": false,
    "hasPost": true,
    "script": "dist/index.js",
    "pre": null,
    "post": "dist/index.js",
    "nodeVersion": "node20",
    "cleanupCondition": "always()",
    "initCondition": "always()"
  },
  "deprecated": {
    "config": "Use buildkitd-config instead",
    "config-inline": "Use buildkitd-config-inline instead",
    "install": "\"docker buildx install\" command is deprecated and will be removed in a future release, use BUILDX_BUILDER environment variable instead"
  }
}
[2026-08-18 08:28:26Z INFO ActionManager] Action pre node.js file: N/A.
[2026-08-18 08:28:26Z INFO ActionManager] Action node.js file: dist/index.js.
[2026-08-18 08:28:26Z INFO ActionManager] Action post node.js file: dist/index.js.
[2026-08-18 08:28:26Z INFO HostContext] Well known directory 'Bin': 'C:\Users\esharxhi\Documents\Hello world\actions-runner\bin'
[2026-08-18 08:28:26Z INFO HostContext] Well known directory 'Root': 'C:\Users\esharxhi\Documents\Hello world\actions-runner'
[2026-08-18 08:28:26Z INFO HostContext] Well known directory 'Work': 'C:\Users\esharxhi\Documents\Hello world\actions-runner\_work'
[2026-08-18 08:28:26Z INFO HostContext] Well known directory 'Temp': 'C:\Users\esharxhi\Documents\Hello world\actions-runner\_work\_temp'
[2026-08-18 08:28:26Z INFO ExecutionContext] Write event payload to C:\Users\esharxhi\Documents\Hello world\actions-runner\_work\_temp\_github_workflow\event.json
[2026-08-18 08:28:26Z INFO HostContext] Well known directory 'Bin': 'C:\Users\esharxhi\Documents\Hello world\actions-runner\bin'
[2026-08-18 08:28:26Z INFO HostContext] Well known directory 'Root': 'C:\Users\esharxhi\Documents\Hello world\actions-runner'
[2026-08-18 08:28:26Z INFO HostContext] Well known directory 'Work': 'C:\Users\esharxhi\Documents\Hello world\actions-runner\_work'
[2026-08-18 08:28:26Z INFO HostContext] Well known directory 'Temp': 'C:\Users\esharxhi\Documents\Hello world\actions-runner\_work\_temp'
[2026-08-18 08:28:26Z INFO ExtensionManager] Getting extensions for interface: 'GitHub.Runner.Worker.IFileCommandExtension'
[2026-08-18 08:28:26Z INFO ActionManifestManagerLegacy] Input 'version': default value evaluate result: ""
[2026-08-18 08:28:26Z INFO ActionManifestManagerLegacy] Input 'driver': default value evaluate result: {
  "type": 0,
  "file": 3,
  "line": 15,
  "col": 14,
  "lit": "docker-container"
}
[2026-08-18 08:28:26Z INFO ActionManifestManagerLegacy] Input 'driver-opts': default value evaluate result: ""
[2026-08-18 08:28:26Z INFO ActionManifestManagerLegacy] Input 'buildkitd-flags': default value evaluate result: ""
[2026-08-18 08:28:26Z INFO ActionManifestManagerLegacy] Input 'buildkitd-config': default value evaluate result: ""
[2026-08-18 08:28:26Z INFO ActionManifestManagerLegacy] Input 'buildkitd-config-inline': default value evaluate result: ""
[2026-08-18 08:28:26Z INFO ActionManifestManagerLegacy] Input 'use': default value evaluate result: {
  "type": 0,
  "file": 3,
  "line": 31,
  "col": 14,
  "lit": "true"
}
[2026-08-18 08:28:26Z INFO ActionManifestManagerLegacy] Input 'name': default value evaluate result: ""
[2026-08-18 08:28:26Z INFO ActionManifestManagerLegacy] Input 'endpoint': default value evaluate result: ""
[2026-08-18 08:28:26Z INFO ActionManifestManagerLegacy] Input 'platforms': default value evaluate result: ""
[2026-08-18 08:28:26Z INFO ActionManifestManagerLegacy] Input 'append': default value evaluate result: ""
[2026-08-18 08:28:26Z INFO ActionManifestManagerLegacy] Input 'keep-state': default value evaluate result: {
  "type": 0,
  "file": 3,
  "line": 47,
  "col": 14,
  "lit": "false"
}
[2026-08-18 08:28:26Z INFO ActionManifestManagerLegacy] Input 'cache-binary': default value evaluate result: {
  "type": 0,
  "file": 3,
  "line": 51,
  "col": 14,
  "lit": "true"
}
[2026-08-18 08:28:26Z INFO ActionManifestManagerLegacy] Input 'cleanup': default value evaluate result: {
  "type": 0,
  "file": 3,
  "line": 55,
  "col": 14,
  "lit": "true"
}
[2026-08-18 08:28:26Z INFO ActionManifestManagerLegacy] Input 'config': default value evaluate result: ""
[2026-08-18 08:28:26Z INFO ActionManifestManagerLegacy] Input 'config-inline': default value evaluate result: ""
[2026-08-18 08:28:26Z INFO ActionManifestManagerLegacy] Input 'install': default value evaluate result: {
  "type": 0,
  "file": 3,
  "line": 69,
  "col": 14,
  "lit": "false"
}
[2026-08-18 08:28:26Z INFO ExtensionManager] Getting extensions for interface: 'GitHub.Runner.Worker.IActionCommandExtension'
[2026-08-18 08:28:26Z INFO ActionCommandManager] Register action command extension for command internal-set-repo-path
[2026-08-18 08:28:26Z INFO ActionCommandManager] Register action command extension for command set-env
[2026-08-18 08:28:26Z INFO ActionCommandManager] Register action command extension for command set-output
[2026-08-18 08:28:26Z INFO ActionCommandManager] Register action command extension for command save-state
[2026-08-18 08:28:26Z INFO ActionCommandManager] Register action command extension for command add-path
[2026-08-18 08:28:26Z INFO ActionCommandManager] Register action command extension for command add-mask
[2026-08-18 08:28:26Z INFO ActionCommandManager] Register action command extension for command add-matcher
[2026-08-18 08:28:26Z INFO ActionCommandManager] Register action command extension for command remove-matcher
[2026-08-18 08:28:26Z INFO ActionCommandManager] Register action command extension for command warning
[2026-08-18 08:28:26Z INFO ActionCommandManager] Register action command extension for command error
[2026-08-18 08:28:26Z INFO ActionCommandManager] Register action command extension for command notice
[2026-08-18 08:28:26Z INFO ActionCommandManager] Register action command extension for command debug
[2026-08-18 08:28:26Z INFO ActionCommandManager] Register action command extension for command group
[2026-08-18 08:28:26Z INFO ActionCommandManager] Register action command extension for command endgroup
[2026-08-18 08:28:26Z INFO ActionCommandManager] Register action command extension for command echo
[2026-08-18 08:28:26Z INFO HostContext] Well known directory 'Bin': 'C:\Users\esharxhi\Documents\Hello world\actions-runner\bin'
[2026-08-18 08:28:26Z INFO HostContext] Well known directory 'Root': 'C:\Users\esharxhi\Documents\Hello world\actions-runner'
[2026-08-18 08:28:26Z INFO HostContext] Well known directory 'Externals': 'C:\Users\esharxhi\Documents\Hello world\actions-runner\externals'
[2026-08-18 08:28:26Z INFO ProcessInvokerWrapper] Starting process:
[2026-08-18 08:28:26Z INFO ProcessInvokerWrapper]   File name: 'C:\Users\esharxhi\Documents\Hello world\actions-runner\externals\node24\bin\node.exe'
[2026-08-18 08:28:26Z INFO ProcessInvokerWrapper]   Arguments: '"C:\Users\esharxhi\Documents\Hello world\actions-runner\_work\_actions\docker\setup-buildx-action\v3\dist/index.js"'
[2026-08-18 08:28:26Z INFO ProcessInvokerWrapper]   Working directory: 'C:\Users\esharxhi\Documents\Hello world\actions-runner\_work\Helloworld-workflow\Helloworld-workflow'
[2026-08-18 08:28:26Z INFO ProcessInvokerWrapper]   Require exit code zero: 'False'
[2026-08-18 08:28:26Z INFO ProcessInvokerWrapper]   Encoding web name: utf-8 ; code page: '65001'
[2026-08-18 08:28:26Z INFO ProcessInvokerWrapper]   Force kill process on cancellation: 'False'
[2026-08-18 08:28:26Z INFO ProcessInvokerWrapper]   Redirected STDIN: 'False'
[2026-08-18 08:28:26Z INFO ProcessInvokerWrapper]   Persist current code page: 'True'
[2026-08-18 08:28:26Z INFO ProcessInvokerWrapper]   Keep redirected STDIN open: 'False'
[2026-08-18 08:28:26Z INFO ProcessInvokerWrapper]   High priority process: 'False'
[2026-08-18 08:28:26Z INFO ProcessInvokerWrapper] Process started with process id 1828, waiting for process exit.
[2026-08-18 08:28:26Z INFO JobServerQueue] Got a step log file to send to results service.
[2026-08-18 08:28:26Z INFO JobServerQueue] Starting upload of step log file to results service ResultsLog, C:\Users\esharxhi\Documents\Hello world\actions-runner\_diag\blocks\a234d8e1-64a0-40bd-b7c6-a96a193c1ea4_646e4cd0-f488-4ba0-92a8-6ac9a195e43d.1
[2026-08-18 08:28:26Z INFO JobServerQueue] Try to append 1 batches web console lines for record '7d1d1a90-db86-40d0-aaef-66e79468518a', success rate: 1/1.
[2026-08-18 08:28:26Z INFO HostContext] Well known directory 'Bin': 'C:\Users\esharxhi\Documents\Hello world\actions-runner\bin'
[2026-08-18 08:28:26Z INFO HostContext] Well known directory 'Root': 'C:\Users\esharxhi\Documents\Hello world\actions-runner'
[2026-08-18 08:28:26Z INFO HostContext] Well known directory 'Work': 'C:\Users\esharxhi\Documents\Hello world\actions-runner\_work'
[2026-08-18 08:28:26Z INFO JobServerQueue] Try to upload 1 log files or attachments, success rate: 1/1.
[2026-08-18 08:28:26Z INFO JobServerQueue] Tried to upload 1 file(s) to results, success rate: 1/1.
[2026-08-18 08:28:27Z INFO JobServerQueue] Try to append 1 batches web console lines for record '7d1d1a90-db86-40d0-aaef-66e79468518a', success rate: 1/1.
[2026-08-18 08:28:27Z INFO JobServerQueue] Try to append 1 batches web console lines for record '7d1d1a90-db86-40d0-aaef-66e79468518a', success rate: 1/1.
[2026-08-18 08:28:27Z INFO ProcessInvokerWrapper] STDOUT/STDERR stream read finished.
[2026-08-18 08:28:27Z INFO ProcessInvokerWrapper] STDOUT/STDERR stream read finished.
[2026-08-18 08:28:27Z INFO ProcessInvokerWrapper] Finished process 1828 with exit code 0, and elapsed time 00:00:01.4664026.
[2026-08-18 08:28:27Z INFO CreateStepSummaryCommand] Step Summary file (C:\Users\esharxhi\Documents\Hello world\actions-runner\_work\_temp\_runner_file_commands\step_summary_441be962-77bd-4f10-894e-5bedf7fde4f2) is empty; skipping attachment upload
[2026-08-18 08:28:27Z INFO StepsRunner] Step result: 
[2026-08-18 08:28:27Z INFO ExecutionContext] Publish step telemetry for current step {
  "action": "docker/setup-buildx-action",
  "ref": "v3",
  "type": "node24",
  "stage": "Post",
  "stepId": "7d1d1a90-db86-40d0-aaef-66e79468518a",
  "result": "succeeded",
  "errorMessages": [],
  "executionTimeInSeconds": 2,
  "startTime": "2026-08-18T08:28:26.0391611Z",
  "finishTime": "2026-08-18T08:28:27.6327828Z"
}.
[2026-08-18 08:28:27Z INFO StepsRunner] No need for updating job result with current step result 'Succeeded'.
[2026-08-18 08:28:27Z INFO StepsRunner] Current state: job state = 'Failed'
[2026-08-18 08:28:27Z INFO StepsRunner] Processing step: DisplayName='Post Checkout code'
[2026-08-18 08:28:27Z INFO StepsRunner] Evaluating: always()
[2026-08-18 08:28:27Z INFO StepsRunner] Result: true
[2026-08-18 08:28:27Z INFO StepsRunner] Starting the step.
[2026-08-18 08:28:27Z INFO HostContext] Well known directory 'Bin': 'C:\Users\esharxhi\Documents\Hello world\actions-runner\bin'
[2026-08-18 08:28:27Z INFO HostContext] Well known directory 'Root': 'C:\Users\esharxhi\Documents\Hello world\actions-runner'
[2026-08-18 08:28:27Z INFO HostContext] Well known directory 'Work': 'C:\Users\esharxhi\Documents\Hello world\actions-runner\_work'
[2026-08-18 08:28:27Z INFO StepsRunner] Which2: 'chcp'
[2026-08-18 08:28:27Z INFO StepsRunner] Location: 'C:\Windows\system32\chcp.COM'
[2026-08-18 08:28:27Z INFO ProcessInvokerWrapper] Starting process:
[2026-08-18 08:28:27Z INFO ProcessInvokerWrapper]   File name: 'C:\Windows\system32\chcp.COM'
[2026-08-18 08:28:27Z INFO ProcessInvokerWrapper]   Arguments: '65001'
[2026-08-18 08:28:27Z INFO ProcessInvokerWrapper]   Working directory: 'C:\Users\esharxhi\Documents\Hello world\actions-runner\_work'
[2026-08-18 08:28:27Z INFO ProcessInvokerWrapper]   Require exit code zero: 'False'
[2026-08-18 08:28:27Z INFO ProcessInvokerWrapper]   Encoding web name:  ; code page: ''
[2026-08-18 08:28:27Z INFO ProcessInvokerWrapper]   Force kill process on cancellation: 'False'
[2026-08-18 08:28:27Z INFO ProcessInvokerWrapper]   Redirected STDIN: 'False'
[2026-08-18 08:28:27Z INFO ProcessInvokerWrapper]   Persist current code page: 'True'
[2026-08-18 08:28:27Z INFO ProcessInvokerWrapper]   Keep redirected STDIN open: 'False'
[2026-08-18 08:28:27Z INFO ProcessInvokerWrapper]   High priority process: 'False'
[2026-08-18 08:28:27Z INFO JobServerQueue] Try to upload 1 log files or attachments, success rate: 1/1.
[2026-08-18 08:28:27Z INFO ProcessInvokerWrapper] Process started with process id 3772, waiting for process exit.
[2026-08-18 08:28:27Z INFO ProcessInvokerWrapper] STDOUT/STDERR stream read finished.
[2026-08-18 08:28:27Z INFO ProcessInvokerWrapper] STDOUT/STDERR stream read finished.
[2026-08-18 08:28:27Z INFO ProcessInvokerWrapper] Finished process 3772 with exit code 0, and elapsed time 00:00:00.0740031.
[2026-08-18 08:28:27Z INFO StepsRunner] Successfully returned to code page 65001 (UTF8)
[2026-08-18 08:28:27Z INFO HostContext] Well known directory 'Bin': 'C:\Users\esharxhi\Documents\Hello world\actions-runner\bin'
[2026-08-18 08:28:27Z INFO HostContext] Well known directory 'Root': 'C:\Users\esharxhi\Documents\Hello world\actions-runner'
[2026-08-18 08:28:27Z INFO HostContext] Well known directory 'Work': 'C:\Users\esharxhi\Documents\Hello world\actions-runner\_work'
[2026-08-18 08:28:27Z INFO HostContext] Well known directory 'Actions': 'C:\Users\esharxhi\Documents\Hello world\actions-runner\_work\_actions'
[2026-08-18 08:28:27Z INFO ActionManager] Load action that reference repository from 'C:\Users\esharxhi\Documents\Hello world\actions-runner\_work\_actions\actions\checkout\v4'
[2026-08-18 08:28:27Z INFO HostContext] Well known directory 'Bin': 'C:\Users\esharxhi\Documents\Hello world\actions-runner\bin'
[2026-08-18 08:28:27Z INFO HostContext] Well known directory 'Root': 'C:\Users\esharxhi\Documents\Hello world\actions-runner'
[2026-08-18 08:28:27Z INFO HostContext] Well known directory 'Work': 'C:\Users\esharxhi\Documents\Hello world\actions-runner\_work'
[2026-08-18 08:28:27Z INFO HostContext] Well known directory 'Actions': 'C:\Users\esharxhi\Documents\Hello world\actions-runner\_work\_actions'
[2026-08-18 08:28:27Z INFO ActionManifestManagerLegacy] Loaded action.yml file: {
  "name": "Checkout",
  "description": "Checkout a Git repository at a particular version",
  "inputs": {
    "type": 2,
    "map": [
      {
        "key": {
          "type": 0,
          "file": 2,
          "line": 4,
          "col": 3,
          "lit": "repository"
        },
        "value": {
          "type": 3,
          "file": 2,
          "line": 6,
          "col": 14,
          "expr": "github.repository"
        }
      },
      {
        "key": {
          "type": 0,
          "file": 2,
          "line": 7,
          "col": 3,
          "lit": "ref"
        },
        "value": ""
      },
      {
        "key": {
          "type": 0,
          "file": 2,
          "line": 12,
          "col": 3,
          "lit": "token"
        },
        "value": {
          "type": 3,
          "file": 2,
          "line": 24,
          "col": 14,
          "expr": "github.token"
        }
      },
      {
        "key": {
          "type": 0,
          "file": 2,
          "line": 25,
          "col": 3,
          "lit": "ssh-key"
        },
        "value": ""
      },
      {
        "key": {
          "type": 0,
          "file": 2,
          "line": 37,
          "col": 3,
          "lit": "ssh-known-hosts"
        },
        "value": ""
      },
      {
        "key": {
          "type": 0,
          "file": 2,
          "line": 42,
          "col": 3,
          "lit": "ssh-strict"
        },
        "value": {
          "type": 0,
          "file": 2,
          "line": 47,
          "col": 14,
          "lit": "true"
        }
      },
      {
        "key": {
          "type": 0,
          "file": 2,
          "line": 48,
          "col": 3,
          "lit": "ssh-user"
        },
        "value": {
          "type": 0,
          "file": 2,
          "line": 51,
          "col": 14,
          "lit": "git"
        }
      },
      {
        "key": {
          "type": 0,
          "file": 2,
          "line": 52,
          "col": 3,
          "lit": "persist-credentials"
        },
        "value": {
          "type": 0,
          "file": 2,
          "line": 54,
          "col": 14,
          "lit": "true"
        }
      },
      {
        "key": {
          "type": 0,
          "file": 2,
          "line": 55,
          "col": 3,
          "lit": "path"
        },
        "value": ""
      },
      {
        "key": {
          "type": 0,
          "file": 2,
          "line": 57,
          "col": 3,
          "lit": "clean"
        },
        "value": {
          "type": 0,
          "file": 2,
          "line": 59,
          "col": 14,
          "lit": "true"
        }
      },
      {
        "key": {
          "type": 0,
          "file": 2,
          "line": 60,
          "col": 3,
          "lit": "filter"
        },
        "value": {
          "type": 0,
          "file": 2,
          "line": 64,
          "col": 14,
          "lit": ""
        }
      },
      {
        "key": {
          "type": 0,
          "file": 2,
          "line": 65,
          "col": 3,
          "lit": "sparse-checkout"
        },
        "value": {
          "type": 0,
          "file": 2,
          "line": 69,
          "col": 14,
          "lit": ""
        }
      },
      {
        "key": {
          "type": 0,
          "file": 2,
          "line": 70,
          "col": 3,
          "lit": "sparse-checkout-cone-mode"
        },
        "value": {
          "type": 0,
          "file": 2,
          "line": 73,
          "col": 14,
          "lit": "true"
        }
      },
      {
        "key": {
          "type": 0,
          "file": 2,
          "line": 74,
          "col": 3,
          "lit": "fetch-depth"
        },
        "value": {
          "type": 0,
          "file": 2,
          "line": 76,
          "col": 14,
          "lit": "1"
        }
      },
      {
        "key": {
          "type": 0,
          "file": 2,
          "line": 77,
          "col": 3,
          "lit": "fetch-tags"
        },
        "value": {
          "type": 0,
          "file": 2,
          "line": 79,
          "col": 14,
          "lit": "false"
        }
      },
      {
        "key": {
          "type": 0,
          "file": 2,
          "line": 80,
          "col": 3,
          "lit": "show-progress"
        },
        "value": {
          "type": 0,
          "file": 2,
          "line": 82,
          "col": 14,
          "lit": "true"
        }
      },
      {
        "key": {
          "type": 0,
          "file": 2,
          "line": 83,
          "col": 3,
          "lit": "lfs"
        },
        "value": {
          "type": 0,
          "file": 2,
          "line": 85,
          "col": 14,
          "lit": "false"
        }
      },
      {
        "key": {
          "type": 0,
          "file": 2,
          "line": 86,
          "col": 3,
          "lit": "submodules"
        },
        "value": {
          "type": 0,
          "file": 2,
          "line": 94,
          "col": 14,
          "lit": "false"
        }
      },
      {
        "key": {
          "type": 0,
          "file": 2,
          "line": 95,
          "col": 3,
          "lit": "set-safe-directory"
        },
        "value": {
          "type": 0,
          "file": 2,
          "line": 97,
          "col": 14,
          "lit": "true"
        }
      },
      {
        "key": {
          "type": 0,
          "file": 2,
          "line": 98,
          "col": 3,
          "lit": "github-server-url"
        },
        "value": ""
      },
      {
        "key": {
          "type": 0,
          "file": 2,
          "line": 101,
          "col": 3,
          "lit": "allow-unsafe-pr-checkout"
        },
        "value": {
          "type": 0,
          "file": 2,
          "line": 109,
          "col": 14,
          "lit": "false"
        }
      }
    ]
  },
  "execution": {
    "executionType": "nodeJS",
    "hasPre": false,
    "hasPost": true,
    "script": "dist/index.js",
    "pre": null,
    "post": "dist/index.js",
    "nodeVersion": "node20",
    "cleanupCondition": "always()",
    "initCondition": "always()"
  },
  "deprecated": null
}
[2026-08-18 08:28:27Z INFO ActionManager] Action pre node.js file: N/A.
[2026-08-18 08:28:27Z INFO ActionManager] Action node.js file: dist/index.js.
[2026-08-18 08:28:27Z INFO ActionManager] Action post node.js file: dist/index.js.
[2026-08-18 08:28:27Z INFO HostContext] Well known directory 'Bin': 'C:\Users\esharxhi\Documents\Hello world\actions-runner\bin'
[2026-08-18 08:28:27Z INFO HostContext] Well known directory 'Root': 'C:\Users\esharxhi\Documents\Hello world\actions-runner'
[2026-08-18 08:28:27Z INFO HostContext] Well known directory 'Work': 'C:\Users\esharxhi\Documents\Hello world\actions-runner\_work'
[2026-08-18 08:28:27Z INFO HostContext] Well known directory 'Temp': 'C:\Users\esharxhi\Documents\Hello world\actions-runner\_work\_temp'
[2026-08-18 08:28:27Z INFO ExecutionContext] Write event payload to C:\Users\esharxhi\Documents\Hello world\actions-runner\_work\_temp\_github_workflow\event.json
[2026-08-18 08:28:27Z INFO HostContext] Well known directory 'Bin': 'C:\Users\esharxhi\Documents\Hello world\actions-runner\bin'
[2026-08-18 08:28:27Z INFO HostContext] Well known directory 'Root': 'C:\Users\esharxhi\Documents\Hello world\actions-runner'
[2026-08-18 08:28:27Z INFO HostContext] Well known directory 'Work': 'C:\Users\esharxhi\Documents\Hello world\actions-runner\_work'
[2026-08-18 08:28:27Z INFO HostContext] Well known directory 'Temp': 'C:\Users\esharxhi\Documents\Hello world\actions-runner\_work\_temp'
[2026-08-18 08:28:27Z INFO ExtensionManager] Getting extensions for interface: 'GitHub.Runner.Worker.IFileCommandExtension'
[2026-08-18 08:28:27Z INFO ActionManifestManagerLegacy] Input 'repository': default value evaluate result: {
  "type": 0,
  "file": 2,
  "line": 6,
  "col": 14,
  "lit": "boransharxhi-oss/Helloworld-workflow"
}
[2026-08-18 08:28:27Z INFO ActionManifestManagerLegacy] Input 'ref': default value evaluate result: ""
[2026-08-18 08:28:27Z INFO ActionManifestManagerLegacy] Input 'token': default value evaluate result: {
  "type": 0,
  "file": 2,
  "line": 24,
  "col": 14,
  "lit": "***"
}
[2026-08-18 08:28:27Z INFO ActionManifestManagerLegacy] Input 'ssh-key': default value evaluate result: ""
[2026-08-18 08:28:27Z INFO ActionManifestManagerLegacy] Input 'ssh-known-hosts': default value evaluate result: ""
[2026-08-18 08:28:27Z INFO ActionManifestManagerLegacy] Input 'ssh-strict': default value evaluate result: {
  "type": 0,
  "file": 2,
  "line": 47,
  "col": 14,
  "lit": "true"
}
[2026-08-18 08:28:27Z INFO ActionManifestManagerLegacy] Input 'ssh-user': default value evaluate result: {
  "type": 0,
  "file": 2,
  "line": 51,
  "col": 14,
  "lit": "git"
}
[2026-08-18 08:28:27Z INFO ActionManifestManagerLegacy] Input 'persist-credentials': default value evaluate result: {
  "type": 0,
  "file": 2,
  "line": 54,
  "col": 14,
  "lit": "true"
}
[2026-08-18 08:28:27Z INFO ActionManifestManagerLegacy] Input 'path': default value evaluate result: ""
[2026-08-18 08:28:27Z INFO ActionManifestManagerLegacy] Input 'clean': default value evaluate result: {
  "type": 0,
  "file": 2,
  "line": 59,
  "col": 14,
  "lit": "true"
}
[2026-08-18 08:28:27Z INFO ActionManifestManagerLegacy] Input 'filter': default value evaluate result: {
  "type": 0,
  "file": 2,
  "line": 64,
  "col": 14,
  "lit": ""
}
[2026-08-18 08:28:27Z INFO ActionManifestManagerLegacy] Input 'sparse-checkout': default value evaluate result: {
  "type": 0,
  "file": 2,
  "line": 69,
  "col": 14,
  "lit": ""
}
[2026-08-18 08:28:27Z INFO ActionManifestManagerLegacy] Input 'sparse-checkout-cone-mode': default value evaluate result: {
  "type": 0,
  "file": 2,
  "line": 73,
  "col": 14,
  "lit": "true"
}
[2026-08-18 08:28:27Z INFO ActionManifestManagerLegacy] Input 'fetch-depth': default value evaluate result: {
  "type": 0,
  "file": 2,
  "line": 76,
  "col": 14,
  "lit": "1"
}
[2026-08-18 08:28:27Z INFO ActionManifestManagerLegacy] Input 'fetch-tags': default value evaluate result: {
  "type": 0,
  "file": 2,
  "line": 79,
  "col": 14,
  "lit": "false"
}
[2026-08-18 08:28:27Z INFO ActionManifestManagerLegacy] Input 'show-progress': default value evaluate result: {
  "type": 0,
  "file": 2,
  "line": 82,
  "col": 14,
  "lit": "true"
}
[2026-08-18 08:28:27Z INFO ActionManifestManagerLegacy] Input 'lfs': default value evaluate result: {
  "type": 0,
  "file": 2,
  "line": 85,
  "col": 14,
  "lit": "false"
}
[2026-08-18 08:28:27Z INFO ActionManifestManagerLegacy] Input 'submodules': default value evaluate result: {
  "type": 0,
  "file": 2,
  "line": 94,
  "col": 14,
  "lit": "false"
}
[2026-08-18 08:28:27Z INFO ActionManifestManagerLegacy] Input 'set-safe-directory': default value evaluate result: {
  "type": 0,
  "file": 2,
  "line": 97,
  "col": 14,
  "lit": "true"
}
[2026-08-18 08:28:27Z INFO ActionManifestManagerLegacy] Input 'github-server-url': default value evaluate result: ""
[2026-08-18 08:28:27Z INFO ActionManifestManagerLegacy] Input 'allow-unsafe-pr-checkout': default value evaluate result: {
  "type": 0,
  "file": 2,
  "line": 109,
  "col": 14,
  "lit": "false"
}
[2026-08-18 08:28:27Z INFO ExtensionManager] Getting extensions for interface: 'GitHub.Runner.Worker.IActionCommandExtension'
[2026-08-18 08:28:27Z INFO ActionCommandManager] Register action command extension for command internal-set-repo-path
[2026-08-18 08:28:27Z INFO ActionCommandManager] Register action command extension for command set-env
[2026-08-18 08:28:27Z INFO ActionCommandManager] Register action command extension for command set-output
[2026-08-18 08:28:27Z INFO ActionCommandManager] Register action command extension for command save-state
[2026-08-18 08:28:27Z INFO ActionCommandManager] Register action command extension for command add-path
[2026-08-18 08:28:27Z INFO ActionCommandManager] Register action command extension for command add-mask
[2026-08-18 08:28:27Z INFO ActionCommandManager] Register action command extension for command add-matcher
[2026-08-18 08:28:27Z INFO ActionCommandManager] Register action command extension for command remove-matcher
[2026-08-18 08:28:27Z INFO ActionCommandManager] Register action command extension for command warning
[2026-08-18 08:28:27Z INFO ActionCommandManager] Register action command extension for command error
[2026-08-18 08:28:27Z INFO ActionCommandManager] Register action command extension for command notice
[2026-08-18 08:28:27Z INFO ActionCommandManager] Register action command extension for command debug
[2026-08-18 08:28:27Z INFO ActionCommandManager] Register action command extension for command group
[2026-08-18 08:28:27Z INFO ActionCommandManager] Register action command extension for command endgroup
[2026-08-18 08:28:27Z INFO ActionCommandManager] Register action command extension for command echo
[2026-08-18 08:28:27Z INFO HostContext] Well known directory 'Bin': 'C:\Users\esharxhi\Documents\Hello world\actions-runner\bin'
[2026-08-18 08:28:27Z INFO HostContext] Well known directory 'Root': 'C:\Users\esharxhi\Documents\Hello world\actions-runner'
[2026-08-18 08:28:27Z INFO HostContext] Well known directory 'Externals': 'C:\Users\esharxhi\Documents\Hello world\actions-runner\externals'
[2026-08-18 08:28:27Z INFO ProcessInvokerWrapper] Starting process:
[2026-08-18 08:28:27Z INFO ProcessInvokerWrapper]   File name: 'C:\Users\esharxhi\Documents\Hello world\actions-runner\externals\node24\bin\node.exe'
[2026-08-18 08:28:27Z INFO ProcessInvokerWrapper]   Arguments: '"C:\Users\esharxhi\Documents\Hello world\actions-runner\_work\_actions\actions\checkout\v4\dist/index.js"'
[2026-08-18 08:28:27Z INFO ProcessInvokerWrapper]   Working directory: 'C:\Users\esharxhi\Documents\Hello world\actions-runner\_work\Helloworld-workflow\Helloworld-workflow'
[2026-08-18 08:28:27Z INFO ProcessInvokerWrapper]   Require exit code zero: 'False'
[2026-08-18 08:28:27Z INFO ProcessInvokerWrapper]   Encoding web name: utf-8 ; code page: '65001'
[2026-08-18 08:28:27Z INFO ProcessInvokerWrapper]   Force kill process on cancellation: 'False'
[2026-08-18 08:28:27Z INFO ProcessInvokerWrapper]   Redirected STDIN: 'False'
[2026-08-18 08:28:27Z INFO ProcessInvokerWrapper]   Persist current code page: 'True'
[2026-08-18 08:28:27Z INFO ProcessInvokerWrapper]   Keep redirected STDIN open: 'False'
[2026-08-18 08:28:27Z INFO ProcessInvokerWrapper]   High priority process: 'False'
[2026-08-18 08:28:27Z INFO ProcessInvokerWrapper] Process started with process id 8696, waiting for process exit.
[2026-08-18 08:28:27Z INFO JobServerQueue] Try to append 1 batches web console lines for record '249344d9-c7ac-457d-8a8a-095b0259dcff', success rate: 1/1.
[2026-08-18 08:28:27Z INFO JobServerQueue] Got a step log file to send to results service.
[2026-08-18 08:28:27Z INFO JobServerQueue] Starting upload of step log file to results service ResultsLog, C:\Users\esharxhi\Documents\Hello world\actions-runner\_diag\blocks\a234d8e1-64a0-40bd-b7c6-a96a193c1ea4_7d1d1a90-db86-40d0-aaef-66e79468518a.1
[2026-08-18 08:28:28Z INFO JobServerQueue] Try to append 1 batches web console lines for record '249344d9-c7ac-457d-8a8a-095b0259dcff', success rate: 1/1.
[2026-08-18 08:28:28Z INFO AddMaskCommandExtension] Add new secret mask with length of 32
[2026-08-18 08:28:28Z INFO JobServerQueue] Tried to upload 1 file(s) to results, success rate: 1/1.
[2026-08-18 08:28:28Z INFO JobServerQueue] Try to append 1 batches web console lines for record '249344d9-c7ac-457d-8a8a-095b0259dcff', success rate: 1/1.
[2026-08-18 08:28:28Z INFO JobServerQueue] Try to append 1 batches web console lines for record '249344d9-c7ac-457d-8a8a-095b0259dcff', success rate: 1/1.
[2026-08-18 08:28:32Z INFO JobServerQueue] Try to append 1 batches web console lines for record '249344d9-c7ac-457d-8a8a-095b0259dcff', success rate: 1/1.
[2026-08-18 08:28:32Z INFO JobServerQueue] Try to append 1 batches web console lines for record '249344d9-c7ac-457d-8a8a-095b0259dcff', success rate: 1/1.
[2026-08-18 08:28:32Z INFO JobServerQueue] Try to append 1 batches web console lines for record '249344d9-c7ac-457d-8a8a-095b0259dcff', success rate: 1/1.
[2026-08-18 08:28:36Z INFO JobServerQueue] Try to append 1 batches web console lines for record '249344d9-c7ac-457d-8a8a-095b0259dcff', success rate: 1/1.
[2026-08-18 08:28:36Z INFO JobServerQueue] Try to append 1 batches web console lines for record '249344d9-c7ac-457d-8a8a-095b0259dcff', success rate: 1/1.
[2026-08-18 08:28:36Z INFO HostContext] Well known directory 'Bin': 'C:\Users\esharxhi\Documents\Hello world\actions-runner\bin'
[2026-08-18 08:28:36Z INFO HostContext] Well known directory 'Root': 'C:\Users\esharxhi\Documents\Hello world\actions-runner'
[2026-08-18 08:28:36Z INFO HostContext] Well known directory 'Work': 'C:\Users\esharxhi\Documents\Hello world\actions-runner\_work'
[2026-08-18 08:28:39Z INFO ProcessInvokerWrapper] STDOUT/STDERR stream read finished.
[2026-08-18 08:28:39Z INFO ProcessInvokerWrapper] STDOUT/STDERR stream read finished.
[2026-08-18 08:28:39Z INFO ProcessInvokerWrapper] Finished process 8696 with exit code 0, and elapsed time 00:00:12.2200356.
[2026-08-18 08:28:39Z INFO CreateStepSummaryCommand] Step Summary file (C:\Users\esharxhi\Documents\Hello world\actions-runner\_work\_temp\_runner_file_commands\step_summary_45b5ceae-fa6a-4511-9efa-cfec2b22ec39) is empty; skipping attachment upload
[2026-08-18 08:28:39Z INFO StepsRunner] Step result: 
[2026-08-18 08:28:39Z INFO ExecutionContext] Publish step telemetry for current step {
  "action": "actions/checkout",
  "ref": "v4",
  "type": "node24",
  "stage": "Post",
  "stepId": "249344d9-c7ac-457d-8a8a-095b0259dcff",
  "result": "succeeded",
  "errorMessages": [],
  "executionTimeInSeconds": 13,
  "startTime": "2026-08-18T08:28:27.6350524Z",
  "finishTime": "2026-08-18T08:28:39.984394Z"
}.
[2026-08-18 08:28:39Z INFO StepsRunner] No need for updating job result with current step result 'Succeeded'.
[2026-08-18 08:28:39Z INFO StepsRunner] Current state: job state = 'Failed'
[2026-08-18 08:28:39Z INFO JobRunner] Finalize job.
[2026-08-18 08:28:39Z INFO HostContext] Well known directory 'Bin': 'C:\Users\esharxhi\Documents\Hello world\actions-runner\bin'
[2026-08-18 08:28:39Z INFO HostContext] Well known directory 'Root': 'C:\Users\esharxhi\Documents\Hello world\actions-runner'
[2026-08-18 08:28:39Z INFO HostContext] Well known directory 'Diag': 'C:\Users\esharxhi\Documents\Hello world\actions-runner\_diag'
[2026-08-18 08:28:39Z INFO HostContext] Well known directory 'Bin': 'C:\Users\esharxhi\Documents\Hello world\actions-runner\bin'
[2026-08-18 08:28:39Z INFO HostContext] Well known directory 'Root': 'C:\Users\esharxhi\Documents\Hello world\actions-runner'
[2026-08-18 08:28:39Z INFO HostContext] Well known directory 'Diag': 'C:\Users\esharxhi\Documents\Hello world\actions-runner\_diag'
[2026-08-18 08:28:40Z INFO JobExtension] Initialize Env context
[2026-08-18 08:28:40Z INFO JobExtension] Initialize steps context
[2026-08-18 08:28:40Z INFO JobExtension] Total accessible running process: 261.
[2026-08-18 08:28:40Z INFO JobExtension] Inspecting process environment variables. PID: 2656 (git)
[2026-08-18 08:28:40Z WARN JobExtension] Ignore exception during read process environment variables: Only part of a ReadProcessMemory or WriteProcessMemory request was completed.
[2026-08-18 08:28:40Z INFO JobExtension] Inspecting process environment variables. PID: 20576 (conhost)
[2026-08-18 08:28:40Z WARN JobExtension] Ignore exception during read process environment variables: Cannot process request because the process (20576) has exited.
[2026-08-18 08:28:40Z INFO JobExtension] Inspecting process environment variables. PID: 16840 (git)
[2026-08-18 08:28:40Z WARN JobExtension] Ignore exception during read process environment variables: Cannot process request because the process (16840) has exited.
[2026-08-18 08:28:40Z INFO JobExtension] Wait for all connectivity checks to finish.
[2026-08-18 08:28:40Z INFO JobExtension] Connectivity check result: {
  "endpointUrl": "https://broker.actions.githubusercontent.com/health",
  "endpointIPs": null,
  "startTime": "2026-08-18T08:27:56.6135136Z",
  "statusCode": "http_OK",
  "requestId": "CA08:2D27F8:26F8DEC:27D790F:6A841871",
  "httpRequestDurationInMs": 397,
  "dnsResolutionDurationInMs": 0,
  "dnsError": null
}
[2026-08-18 08:28:40Z INFO JobExtension] Connectivity check result: {
  "endpointUrl": "https://token.actions.githubusercontent.com/ready",
  "endpointIPs": null,
  "startTime": "2026-08-18T08:27:56.615191Z",
  "statusCode": "http_NoContent",
  "requestId": "CA0A:32E159:166F1C9:1B74799:6A841871",
  "httpRequestDurationInMs": 683,
  "dnsResolutionDurationInMs": 0,
  "dnsError": null
}
[2026-08-18 08:28:40Z INFO JobExtension] Connectivity check result: {
  "endpointUrl": "https://run.actions.githubusercontent.com/health",
  "endpointIPs": null,
  "startTime": "2026-08-18T08:27:56.6155509Z",
  "statusCode": "http_OK",
  "requestId": "CA09:1DD19A:26F4EE5:274F12F:6A841871",
  "httpRequestDurationInMs": 408,
  "dnsResolutionDurationInMs": 0,
  "dnsError": null
}
[2026-08-18 08:28:40Z INFO ExecutionContext] Publish step telemetry for current step {
  "action": "complete_job",
  "type": "runner",
  "stage": "Post",
  "stepId": "2c86aeb7-e641-4189-b1bf-5cd95e758395",
  "result": "succeeded",
  "errorMessages": [
    "Node.js 20 is deprecated. The following actions target Node.js 20 but are being forced to run on Node.js 24: actions/checkout@v4, docker/setup-buildx-action@v3. For more information see: https://github.blog/changelog/2025-09-19-deprecation-of-node-20-on-gi"
  ],
  "executionTimeInSeconds": 1,
  "startTime": "2026-08-18T08:28:39.9998729Z",
  "finishTime": "2026-08-18T08:28:40.0557344Z"
}.
[2026-08-18 08:28:40Z INFO JobRunner] Job result after all job steps finish: Failed
[2026-08-18 08:28:40Z INFO JobRunner] Completing the job execution context.
[2026-08-18 08:28:40Z INFO JobRunner] Shutting down the job server queue.
[2026-08-18 08:28:40Z INFO JobServerQueue] Fire signal to shutdown all queues.
[2026-08-18 08:28:40Z INFO JobServerQueue] All queue process task stopped.
[2026-08-18 08:28:40Z INFO JobServerQueue] Try to append 1 batches web console lines for record '2c86aeb7-e641-4189-b1bf-5cd95e758395', success rate: 1/1.
[2026-08-18 08:28:40Z INFO JobServerQueue] Web console line queue drained.
[2026-08-18 08:28:40Z INFO JobServerQueue] Uploading 3 files in one shot.
[2026-08-18 08:28:40Z INFO JobServerQueue] Try to upload 3 log files or attachments, success rate: 3/3.
[2026-08-18 08:28:40Z INFO JobServerQueue] File upload queue drained.
[2026-08-18 08:28:40Z INFO JobServerQueue] Starting results-based upload queue...
[2026-08-18 08:28:40Z INFO JobServerQueue] Uploading 3 file(s) in one shot through results service.
[2026-08-18 08:28:40Z INFO JobServerQueue] Got a step log file to send to results service.
[2026-08-18 08:28:40Z INFO JobServerQueue] Starting upload of step log file to results service ResultsLog, C:\Users\esharxhi\Documents\Hello world\actions-runner\_diag\blocks\a234d8e1-64a0-40bd-b7c6-a96a193c1ea4_249344d9-c7ac-457d-8a8a-095b0259dcff.1
[2026-08-18 08:28:41Z INFO JobServerQueue] Got a step log file to send to results service.
[2026-08-18 08:28:41Z INFO JobServerQueue] Starting upload of step log file to results service ResultsLog, C:\Users\esharxhi\Documents\Hello world\actions-runner\_diag\blocks\a234d8e1-64a0-40bd-b7c6-a96a193c1ea4_2c86aeb7-e641-4189-b1bf-5cd95e758395.1
[2026-08-18 08:28:41Z INFO JobServerQueue] Got a job log file to send to results service.
[2026-08-18 08:28:41Z INFO JobServerQueue] Starting upload of job log file to results service ResultsLog, C:\Users\esharxhi\Documents\Hello world\actions-runner\_diag\blocks\a234d8e1-64a0-40bd-b7c6-a96a193c1ea4_ad094ec1-bc9e-5c01-9a53-d52f9604ea0e.1
[2026-08-18 08:28:42Z INFO JobServerQueue] Tried to upload 3 file(s) to results, success rate: 3/3.
[2026-08-18 08:28:42Z INFO JobServerQueue] Results upload queue drained.
[2026-08-18 08:28:42Z INFO JobServerQueue] Timeline update queue drained.
[2026-08-18 08:28:42Z INFO JobServerQueue] Disposing job server ...
[2026-08-18 08:28:42Z INFO JobServerQueue] Disposing results server ...
[2026-08-18 08:28:42Z INFO JobServerQueue] All queue process tasks have been stopped, and all queues are drained.
[2026-08-18 08:28:42Z INFO TempDirectoryManager] Cleaning runner temp folder: C:\Users\esharxhi\Documents\Hello world\actions-runner\_work\_temp
[2026-08-18 08:28:42Z INFO HostContext] Well known directory 'Bin': 'C:\Users\esharxhi\Documents\Hello world\actions-runner\bin'
[2026-08-18 08:28:42Z INFO HostContext] Well known directory 'Root': 'C:\Users\esharxhi\Documents\Hello world\actions-runner'
[2026-08-18 08:28:42Z INFO HostContext] Well known directory 'Diag': 'C:\Users\esharxhi\Documents\Hello world\actions-runner\_diag'
[2026-08-18 08:28:42Z INFO HostContext] Well known config file 'Telemetry': 'C:\Users\esharxhi\Documents\Hello world\actions-runner\_diag\.telemetry'
[2026-08-18 08:28:42Z INFO JobRunner] Raising job completed against run service
[2026-08-18 08:28:42Z INFO Worker] Job completed.
